DATE,START TIME,END TIME,USAGE,UNITS,COST
1/21/2017,0:00,0:59,0.05,kWh,$0.01 
1/21/2017,1:00,1:59,0.04,kWh,$0.01 
1/21/2017,2:00,2:59,0.03,kWh,$0.00 
1/21/2017,3:00,3:59,0.03,kWh,$0.00 
1/21/2017,4:00,4:59,0.05,kWh,$0.01 
1/21/2017,5:00,5:59,0.04,kWh,$0.01 
1/21/2017,6:00,6:59,0.6,kWh,$0.09 
1/21/2017,7:00,7:59,0.04,kWh,$0.01 
1/21/2017,8:00,8:59,0.04,kWh,$0.01 
1/21/2017,9:00,9:59,0.01,kWh,$0.00 
1/21/2017,10:00,10:59,0.04,kWh,$0.01 
1/21/2017,11:00,11:59,0.04,kWh,$0.01 
1/21/2017,12:00,12:59,0.03,kWh,$0.00 
1/21/2017,13:00,13:59,0.03,kWh,$0.01 
1/21/2017,14:00,14:59,0.05,kWh,$0.01 
1/21/2017,15:00,15:59,0.04,kWh,$0.01 
1/21/2017,16:00,16:59,0.05,kWh,$0.01 
1/21/2017,17:00,17:59,0.04,kWh,$0.01 
1/21/2017,18:00,18:59,0.13,kWh,$0.02 
1/21/2017,19:00,19:59,0.86,kWh,$0.13 
1/21/2017,20:00,20:59,0.58,kWh,$0.09 
1/21/2017,21:00,21:59,0.12,kWh,$0.02 
1/21/2017,22:00,22:59,0.04,kWh,$0.01 
1/21/2017,23:00,23:59,0.05,kWh,$0.01 
1/22/2017,0:00,0:59,0.05,kWh,$0.01 
1/22/2017,1:00,1:59,0.01,kWh,$0.00 
1/22/2017,2:00,2:59,0.04,kWh,$0.01 
1/22/2017,3:00,3:59,0.04,kWh,$0.01 
1/22/2017,4:00,4:59,0.04,kWh,$0.01 
1/22/2017,5:00,5:59,0.01,kWh,$0.00 
1/22/2017,6:00,6:59,0.04,kWh,$0.01 
1/22/2017,7:00,7:59,0.04,kWh,$0.01 
1/22/2017,8:00,8:59,0.02,kWh,$0.00 
1/22/2017,9:00,9:59,0.04,kWh,$0.01 
1/22/2017,10:00,10:59,0.04,kWh,$0.01 
1/22/2017,11:00,11:59,0.22,kWh,$0.03 
1/22/2017,12:00,12:59,0.56,kWh,$0.09 
1/22/2017,13:00,13:59,0.05,kWh,$0.01 
1/22/2017,14:00,14:59,0.1,kWh,$0.02 
1/22/2017,15:00,15:59,2.29,kWh,$0.35 
1/22/2017,16:00,16:59,1.01,kWh,$0.15 
1/22/2017,17:00,17:59,2.13,kWh,$0.32 
1/22/2017,18:00,18:59,4.99,kWh,$0.76 
1/22/2017,19:00,19:59,1.34,kWh,$0.20 
1/22/2017,20:00,20:59,0.05,kWh,$0.01 
1/22/2017,21:00,21:59,0.03,kWh,$0.00 
1/22/2017,22:00,22:59,0.03,kWh,$0.00 
1/22/2017,23:00,23:59,0.04,kWh,$0.01 
1/23/2017,0:00,0:59,0.04,kWh,$0.01 
1/23/2017,1:00,1:59,0.04,kWh,$0.01 
1/23/2017,2:00,2:59,0.04,kWh,$0.01 
1/23/2017,3:00,3:59,0.74,kWh,$0.11 
1/23/2017,4:00,4:59,0.03,kWh,$0.00 
1/23/2017,5:00,5:59,0.04,kWh,$0.01 
1/23/2017,6:00,6:59,0.04,kWh,$0.01 
1/23/2017,7:00,7:59,0.03,kWh,$0.00 
1/23/2017,8:00,8:59,0.02,kWh,$0.00 
1/23/2017,9:00,9:59,0.04,kWh,$0.01 
1/23/2017,10:00,10:59,0.04,kWh,$0.01 
1/23/2017,11:00,11:59,0.01,kWh,$0.00 
1/23/2017,12:00,12:59,0.12,kWh,$0.02 
1/23/2017,13:00,13:59,0.03,kWh,$0.00 
1/23/2017,14:00,14:59,0.05,kWh,$0.01 
1/23/2017,15:00,15:59,0.04,kWh,$0.01 
1/23/2017,16:00,16:59,0.01,kWh,$0.00 
1/23/2017,17:00,17:59,0.04,kWh,$0.01 
1/23/2017,18:00,18:59,0.09,kWh,$0.02 
1/23/2017,19:00,19:59,3.84,kWh,$0.64 
1/23/2017,20:00,20:59,0.47,kWh,$0.07 
1/23/2017,21:00,21:59,0.05,kWh,$0.01 
1/23/2017,22:00,22:59,0.06,kWh,$0.01 
1/23/2017,23:00,23:59,0.06,kWh,$0.01 
1/24/2017,0:00,0:59,0.05,kWh,$0.01 
1/24/2017,1:00,1:59,0.03,kWh,$0.01 
1/24/2017,2:00,2:59,0.06,kWh,$0.01 
1/24/2017,3:00,3:59,0.06,kWh,$0.01 
1/24/2017,4:00,4:59,0.04,kWh,$0.01 
1/24/2017,5:00,5:59,0.04,kWh,$0.01 
1/24/2017,6:00,6:59,0.06,kWh,$0.01 
1/24/2017,7:00,7:59,0.04,kWh,$0.01 
1/24/2017,8:00,8:59,0.02,kWh,$0.00 
1/24/2017,9:00,9:59,0.04,kWh,$0.01 
1/24/2017,10:00,10:59,0.58,kWh,$0.09 
1/24/2017,11:00,11:59,0.22,kWh,$0.03 
1/24/2017,12:00,12:59,0.04,kWh,$0.01 
1/24/2017,13:00,13:59,0.04,kWh,$0.01 
1/24/2017,14:00,14:59,0.01,kWh,$0.00 
1/24/2017,15:00,15:59,0.04,kWh,$0.01 
1/24/2017,16:00,16:59,0.04,kWh,$0.01 
1/24/2017,17:00,17:59,0.04,kWh,$0.01 
1/24/2017,18:00,18:59,0.04,kWh,$0.01 
1/24/2017,19:00,19:59,0.06,kWh,$0.01 
1/24/2017,20:00,20:59,2.19,kWh,$0.33 
1/24/2017,21:00,21:59,0.04,kWh,$0.01 
1/24/2017,22:00,22:59,0.04,kWh,$0.01 
1/24/2017,23:00,23:59,0.06,kWh,$0.01 
1/25/2017,0:00,0:59,0.06,kWh,$0.01 
1/25/2017,1:00,1:59,0.03,kWh,$0.01 
1/25/2017,2:00,2:59,0.1,kWh,$0.01 
1/25/2017,3:00,3:59,0.72,kWh,$0.11 
1/25/2017,4:00,4:59,0.04,kWh,$0.01 
1/25/2017,5:00,5:59,0.04,kWh,$0.01 
1/25/2017,6:00,6:59,0.06,kWh,$0.01 
1/25/2017,7:00,7:59,0.03,kWh,$0.01 
1/25/2017,8:00,8:59,0.11,kWh,$0.02 
1/25/2017,9:00,9:59,0.01,kWh,$0.00 
1/25/2017,10:00,10:59,0.04,kWh,$0.01 
1/25/2017,11:00,11:59,0.03,kWh,$0.01 
1/25/2017,12:00,12:59,0.02,kWh,$0.00 
1/25/2017,13:00,13:59,0.04,kWh,$0.01 
1/25/2017,14:00,14:59,0.04,kWh,$0.01 
1/25/2017,15:00,15:59,0.02,kWh,$0.00 
1/25/2017,16:00,16:59,0.04,kWh,$0.01 
1/25/2017,17:00,17:59,0.76,kWh,$0.13 
1/25/2017,18:00,18:59,0.05,kWh,$0.01 
1/25/2017,19:00,19:59,0.03,kWh,$0.01 
1/25/2017,20:00,20:59,0.06,kWh,$0.01 
1/25/2017,21:00,21:59,0.11,kWh,$0.02 
1/25/2017,22:00,22:59,0.13,kWh,$0.02 
1/25/2017,23:00,23:59,0.04,kWh,$0.01 
1/26/2017,0:00,0:59,0.05,kWh,$0.01 
1/26/2017,1:00,1:59,0.06,kWh,$0.01 
1/26/2017,2:00,2:59,0.05,kWh,$0.01 
1/26/2017,3:00,3:59,0.03,kWh,$0.00 
1/26/2017,4:00,4:59,0.06,kWh,$0.01 
1/26/2017,5:00,5:59,0.05,kWh,$0.01 
1/26/2017,6:00,6:59,0.54,kWh,$0.08 
1/26/2017,7:00,7:59,0.23,kWh,$0.04 
1/26/2017,8:00,8:59,0.02,kWh,$0.00 
1/26/2017,9:00,9:59,0.04,kWh,$0.01 
1/26/2017,10:00,10:59,0.04,kWh,$0.01 
1/26/2017,11:00,11:59,0.01,kWh,$0.00 
1/26/2017,12:00,12:59,0.04,kWh,$0.01 
1/26/2017,13:00,13:59,0.04,kWh,$0.01 
1/26/2017,14:00,14:59,0.03,kWh,$0.00 
1/26/2017,15:00,15:59,0.03,kWh,$0.00 
1/26/2017,16:00,16:59,0.04,kWh,$0.01 
1/26/2017,17:00,17:59,0.05,kWh,$0.01 
1/26/2017,18:00,18:59,0.04,kWh,$0.01 
1/26/2017,19:00,19:59,0.05,kWh,$0.01 
1/26/2017,20:00,20:59,0.06,kWh,$0.01 
1/26/2017,21:00,21:59,0.79,kWh,$0.12 
1/26/2017,22:00,22:59,3.75,kWh,$0.57 
1/26/2017,23:00,23:59,1.61,kWh,$0.25 
1/27/2017,0:00,0:59,0.04,kWh,$0.01 
1/27/2017,1:00,1:59,0.04,kWh,$0.01 
1/27/2017,2:00,2:59,0.04,kWh,$0.01 
1/27/2017,3:00,3:59,0.04,kWh,$0.01 
1/27/2017,4:00,4:59,0.11,kWh,$0.02 
1/27/2017,5:00,5:59,0.02,kWh,$0.00 
1/27/2017,6:00,6:59,0.04,kWh,$0.01 
1/27/2017,7:00,7:59,0.04,kWh,$0.01 
1/27/2017,8:00,8:59,0.02,kWh,$0.00 
1/27/2017,9:00,9:59,0.04,kWh,$0.01 
1/27/2017,10:00,10:59,0.04,kWh,$0.01 
1/27/2017,11:00,11:59,0.02,kWh,$0.00 
1/27/2017,12:00,12:59,0.41,kWh,$0.06 
1/27/2017,13:00,13:59,0.41,kWh,$0.06 
1/27/2017,14:00,14:59,0.04,kWh,$0.01 
1/27/2017,15:00,15:59,0.01,kWh,$0.00 
1/27/2017,16:00,16:59,0.04,kWh,$0.01 
1/27/2017,17:00,17:59,0.04,kWh,$0.01 
1/27/2017,18:00,18:59,0.04,kWh,$0.01 
1/27/2017,19:00,19:59,0.06,kWh,$0.01 
1/27/2017,20:00,20:59,0.21,kWh,$0.03 
1/27/2017,21:00,21:59,0.13,kWh,$0.02 
1/27/2017,22:00,22:59,0.09,kWh,$0.01 
1/27/2017,23:00,23:59,0.95,kWh,$0.14 
1/28/2017,0:00,0:59,5.93,kWh,$0.90 
1/28/2017,1:00,1:59,7.43,kWh,$1.13 
1/28/2017,2:00,2:59,2.02,kWh,$0.31 
1/28/2017,3:00,3:59,0.07,kWh,$0.01 
1/28/2017,4:00,4:59,0.07,kWh,$0.01 
1/28/2017,5:00,5:59,0.42,kWh,$0.06 
1/28/2017,6:00,6:59,0.16,kWh,$0.02 
1/28/2017,7:00,7:59,0.07,kWh,$0.01 
1/28/2017,8:00,8:59,0.08,kWh,$0.01 
1/28/2017,9:00,9:59,6.17,kWh,$0.94 
1/28/2017,10:00,10:59,4.9,kWh,$0.75 
1/28/2017,11:00,11:59,0.06,kWh,$0.01 
1/28/2017,12:00,12:59,0.53,kWh,$0.08 
1/28/2017,13:00,13:59,0.07,kWh,$0.01 
1/28/2017,14:00,14:59,0.14,kWh,$0.02 
1/28/2017,15:00,15:59,0.4,kWh,$0.06 
1/28/2017,16:00,16:59,0.62,kWh,$0.09 
1/28/2017,17:00,17:59,0.21,kWh,$0.03 
1/28/2017,18:00,18:59,0.12,kWh,$0.02 
1/28/2017,19:00,19:59,0.11,kWh,$0.02 
1/28/2017,20:00,20:59,0.12,kWh,$0.02 
1/28/2017,21:00,21:59,0.11,kWh,$0.02 
1/28/2017,22:00,22:59,4.02,kWh,$0.61 
1/28/2017,23:00,23:59,0.81,kWh,$0.12 
1/29/2017,0:00,0:59,2.2,kWh,$0.33 
1/29/2017,1:00,1:59,0.18,kWh,$0.03 
1/29/2017,2:00,2:59,0.08,kWh,$0.01 
1/29/2017,3:00,3:59,0.07,kWh,$0.01 
1/29/2017,4:00,4:59,0.52,kWh,$0.08 
1/29/2017,5:00,5:59,0.06,kWh,$0.01 
1/29/2017,6:00,6:59,0.46,kWh,$0.07 
1/29/2017,7:00,7:59,0.42,kWh,$0.06 
1/29/2017,8:00,8:59,0.07,kWh,$0.01 
1/29/2017,9:00,9:59,1.66,kWh,$0.25 
1/29/2017,10:00,10:59,5.8,kWh,$0.88 
1/29/2017,11:00,11:59,3.35,kWh,$0.51 
1/29/2017,12:00,12:59,1.48,kWh,$0.23 
1/29/2017,13:00,13:59,2.27,kWh,$0.35 
1/29/2017,14:00,14:59,4.36,kWh,$0.66 
1/29/2017,15:00,15:59,0.52,kWh,$0.08 
1/29/2017,16:00,16:59,0.07,kWh,$0.01 
1/29/2017,17:00,17:59,0.14,kWh,$0.02 
1/29/2017,18:00,18:59,0.58,kWh,$0.09 
1/29/2017,19:00,19:59,0.9,kWh,$0.14 
1/29/2017,20:00,20:59,0.94,kWh,$0.14 
1/29/2017,21:00,21:59,1.42,kWh,$0.22 
1/29/2017,22:00,22:59,1.75,kWh,$0.27 
1/29/2017,23:00,23:59,2.37,kWh,$0.36 
1/30/2017,0:00,0:59,4.29,kWh,$0.65 
1/30/2017,1:00,1:59,2.25,kWh,$0.34 
1/30/2017,2:00,2:59,0.3,kWh,$0.05 
1/30/2017,3:00,3:59,0.07,kWh,$0.01 
1/30/2017,4:00,4:59,0.07,kWh,$0.01 
1/30/2017,5:00,5:59,0.09,kWh,$0.01 
1/30/2017,6:00,6:59,0.47,kWh,$0.07 
1/30/2017,7:00,7:59,0.07,kWh,$0.01 
1/30/2017,8:00,8:59,7.55,kWh,$1.15 
1/30/2017,9:00,9:59,0.25,kWh,$0.04 
1/30/2017,10:00,10:59,0.06,kWh,$0.01 
1/30/2017,11:00,11:59,0.06,kWh,$0.01 
1/30/2017,12:00,12:59,0.56,kWh,$0.09 
1/30/2017,13:00,13:59,0.07,kWh,$0.01 
1/30/2017,14:00,14:59,0.07,kWh,$0.01 
1/30/2017,15:00,15:59,0.06,kWh,$0.01 
1/30/2017,16:00,16:59,0.06,kWh,$0.01 
1/30/2017,17:00,17:59,0.06,kWh,$0.01 
1/30/2017,18:00,18:59,0.13,kWh,$0.02 
1/30/2017,19:00,19:59,0.28,kWh,$0.05 
1/30/2017,20:00,20:59,2.08,kWh,$0.32 
1/30/2017,21:00,21:59,1.5,kWh,$0.23 
1/30/2017,22:00,22:59,1.61,kWh,$0.25 
1/30/2017,23:00,23:59,5.81,kWh,$0.89 
1/31/2017,0:00,0:59,3.88,kWh,$0.59 
1/31/2017,1:00,1:59,2.11,kWh,$0.32 
1/31/2017,2:00,2:59,0.08,kWh,$0.01 
1/31/2017,3:00,3:59,0.07,kWh,$0.01 
1/31/2017,4:00,4:59,0.07,kWh,$0.01 
1/31/2017,5:00,5:59,0.07,kWh,$0.01 
1/31/2017,6:00,6:59,0.42,kWh,$0.06 
1/31/2017,7:00,7:59,0.06,kWh,$0.01 
1/31/2017,8:00,8:59,1.5,kWh,$0.23 
1/31/2017,9:00,9:59,1.38,kWh,$0.21 
1/31/2017,10:00,10:59,0.57,kWh,$0.09 
1/31/2017,11:00,11:59,0.06,kWh,$0.01 
1/31/2017,12:00,12:59,0.04,kWh,$0.01 
1/31/2017,13:00,13:59,0.51,kWh,$0.08 
1/31/2017,14:00,14:59,0.08,kWh,$0.01 
1/31/2017,15:00,15:59,0.04,kWh,$0.01 
1/31/2017,16:00,16:59,0.07,kWh,$0.01 
1/31/2017,17:00,17:59,0.07,kWh,$0.01 
1/31/2017,18:00,18:59,4.72,kWh,$0.79 
1/31/2017,19:00,19:59,1.86,kWh,$0.31 
1/31/2017,20:00,20:59,0.1,kWh,$0.01 
1/31/2017,21:00,21:59,0.79,kWh,$0.12 
1/31/2017,22:00,22:59,3.91,kWh,$0.59 
1/31/2017,23:00,23:59,3.25,kWh,$0.49 
2/1/2017,0:00,0:59,5.72,kWh,$0.87 
2/1/2017,1:00,1:59,2.85,kWh,$0.43 
2/1/2017,2:00,2:59,0.34,kWh,$0.05 
2/1/2017,3:00,3:59,0.08,kWh,$0.01 
2/1/2017,4:00,4:59,0.07,kWh,$0.01 
2/1/2017,5:00,5:59,0.05,kWh,$0.01 
2/1/2017,6:00,6:59,0.06,kWh,$0.01 
2/1/2017,7:00,7:59,0.44,kWh,$0.07 
2/1/2017,8:00,8:59,0.08,kWh,$0.01 
2/1/2017,9:00,9:59,4.54,kWh,$0.69 
2/1/2017,10:00,10:59,0.09,kWh,$0.01 
2/1/2017,11:00,11:59,0.1,kWh,$0.02 
2/1/2017,12:00,12:59,0.48,kWh,$0.07 
2/1/2017,13:00,13:59,1.9,kWh,$0.29 
2/1/2017,14:00,14:59,5.11,kWh,$0.78 
2/1/2017,15:00,15:59,2.35,kWh,$0.39 
2/1/2017,16:00,16:59,1.83,kWh,$0.31 
2/1/2017,17:00,17:59,3.83,kWh,$0.64 
2/1/2017,18:00,18:59,0.34,kWh,$0.06 
2/1/2017,19:00,19:59,1.8,kWh,$0.30 
2/1/2017,20:00,20:59,0.34,kWh,$0.05 
2/1/2017,21:00,21:59,1.6,kWh,$0.24 
2/1/2017,22:00,22:59,0.48,kWh,$0.07 
2/1/2017,23:00,23:59,1.29,kWh,$0.20 
2/2/2017,0:00,0:59,1.64,kWh,$0.25 
2/2/2017,1:00,1:59,3.44,kWh,$0.52 
2/2/2017,2:00,2:59,1.2,kWh,$0.18 
2/2/2017,3:00,3:59,0.08,kWh,$0.01 
2/2/2017,4:00,4:59,0.08,kWh,$0.01 
2/2/2017,5:00,5:59,0.06,kWh,$0.01 
2/2/2017,6:00,6:59,0.06,kWh,$0.01 
2/2/2017,7:00,7:59,0.49,kWh,$0.07 
2/2/2017,8:00,8:59,0.76,kWh,$0.12 
2/2/2017,9:00,9:59,3.44,kWh,$0.52 
2/2/2017,10:00,10:59,0.07,kWh,$0.01 
2/2/2017,11:00,11:59,0.07,kWh,$0.01 
2/2/2017,12:00,12:59,0.04,kWh,$0.01 
2/2/2017,13:00,13:59,0.52,kWh,$0.08 
2/2/2017,14:00,14:59,0.07,kWh,$0.01 
2/2/2017,15:00,15:59,0.07,kWh,$0.01 
2/2/2017,16:00,16:59,0.07,kWh,$0.01 
2/2/2017,17:00,17:59,0.05,kWh,$0.01 
2/2/2017,18:00,18:59,0.06,kWh,$0.01 
2/2/2017,19:00,19:59,4.14,kWh,$0.69 
2/2/2017,20:00,20:59,3.25,kWh,$0.49 
2/2/2017,21:00,21:59,0.45,kWh,$0.07 
2/2/2017,22:00,22:59,2.66,kWh,$0.40 
2/2/2017,23:00,23:59,1.32,kWh,$0.20 
2/3/2017,0:00,0:59,2.05,kWh,$0.31 
2/3/2017,1:00,1:59,2.6,kWh,$0.40 
2/3/2017,2:00,2:59,0.82,kWh,$0.12 
2/3/2017,3:00,3:59,0.54,kWh,$0.08 
2/3/2017,4:00,4:59,0.09,kWh,$0.01 
2/3/2017,5:00,5:59,0.06,kWh,$0.01 
2/3/2017,6:00,6:59,0.1,kWh,$0.02 
2/3/2017,7:00,7:59,0.09,kWh,$0.01 
2/3/2017,8:00,8:59,0.07,kWh,$0.01 
2/3/2017,9:00,9:59,4.31,kWh,$0.66 
2/3/2017,10:00,10:59,1.17,kWh,$0.18 
2/3/2017,11:00,11:59,0.06,kWh,$0.01 
2/3/2017,12:00,12:59,0.08,kWh,$0.01 
2/3/2017,13:00,13:59,0.08,kWh,$0.01 
2/3/2017,14:00,14:59,0.14,kWh,$0.02 
2/3/2017,15:00,15:59,0.44,kWh,$0.07 
2/3/2017,16:00,16:59,0.05,kWh,$0.01 
2/3/2017,17:00,17:59,0.07,kWh,$0.01 
2/3/2017,18:00,18:59,0.21,kWh,$0.04 
2/3/2017,19:00,19:59,2.7,kWh,$0.45 
2/3/2017,20:00,20:59,2.07,kWh,$0.32 
2/3/2017,21:00,21:59,1.45,kWh,$0.22 
2/3/2017,22:00,22:59,1.91,kWh,$0.29 
2/3/2017,23:00,23:59,0.52,kWh,$0.08 
2/4/2017,0:00,0:59,1.38,kWh,$0.21 
2/4/2017,1:00,1:59,2.54,kWh,$0.39 
2/4/2017,2:00,2:59,2.71,kWh,$0.41 
2/4/2017,3:00,3:59,0.14,kWh,$0.02 
2/4/2017,4:00,4:59,0.08,kWh,$0.01 
2/4/2017,5:00,5:59,0.06,kWh,$0.01 
2/4/2017,6:00,6:59,0.1,kWh,$0.01 
2/4/2017,7:00,7:59,0.45,kWh,$0.07 
2/4/2017,8:00,8:59,0.09,kWh,$0.01 
2/4/2017,9:00,9:59,0.06,kWh,$0.01 
2/4/2017,10:00,10:59,0.07,kWh,$0.01 
2/4/2017,11:00,11:59,1.12,kWh,$0.17 
2/4/2017,12:00,12:59,5.26,kWh,$0.80 
2/4/2017,13:00,13:59,2.05,kWh,$0.31 
2/4/2017,14:00,14:59,0.6,kWh,$0.09 
2/4/2017,15:00,15:59,0.48,kWh,$0.07 
2/4/2017,16:00,16:59,1.9,kWh,$0.29 
2/4/2017,17:00,17:59,0.08,kWh,$0.01 
2/4/2017,18:00,18:59,0.06,kWh,$0.01 
2/4/2017,19:00,19:59,0.1,kWh,$0.01 
2/4/2017,20:00,20:59,0.82,kWh,$0.12 
2/4/2017,21:00,21:59,0.33,kWh,$0.05 
2/4/2017,22:00,22:59,1.94,kWh,$0.30 
2/4/2017,23:00,23:59,2.29,kWh,$0.35 
2/5/2017,0:00,0:59,2.54,kWh,$0.39 
2/5/2017,1:00,1:59,2.9,kWh,$0.44 
2/5/2017,2:00,2:59,2.67,kWh,$0.41 
2/5/2017,3:00,3:59,0.31,kWh,$0.05 
2/5/2017,4:00,4:59,0.55,kWh,$0.08 
2/5/2017,5:00,5:59,0.06,kWh,$0.01 
2/5/2017,6:00,6:59,0.08,kWh,$0.01 
2/5/2017,7:00,7:59,0.1,kWh,$0.02 
2/5/2017,8:00,8:59,0.07,kWh,$0.01 
2/5/2017,9:00,9:59,0.07,kWh,$0.01 
2/5/2017,10:00,10:59,1.42,kWh,$0.22 
2/5/2017,11:00,11:59,3.98,kWh,$0.61 
2/5/2017,12:00,12:59,2.26,kWh,$0.34 
2/5/2017,13:00,13:59,0.23,kWh,$0.03 
2/5/2017,14:00,14:59,2.41,kWh,$0.37 
2/5/2017,15:00,15:59,0.1,kWh,$0.01 
2/5/2017,16:00,16:59,1.15,kWh,$0.18 
2/5/2017,17:00,17:59,0.17,kWh,$0.03 
2/5/2017,18:00,18:59,0.19,kWh,$0.03 
2/5/2017,19:00,19:59,1.03,kWh,$0.16 
2/5/2017,20:00,20:59,1.54,kWh,$0.23 
2/5/2017,21:00,21:59,2.76,kWh,$0.42 
2/5/2017,22:00,22:59,2.35,kWh,$0.36 
2/5/2017,23:00,23:59,1.3,kWh,$0.20 
2/6/2017,0:00,0:59,1.93,kWh,$0.29 
2/6/2017,1:00,1:59,3.54,kWh,$0.54 
2/6/2017,2:00,2:59,1.27,kWh,$0.19 
2/6/2017,3:00,3:59,0.08,kWh,$0.01 
2/6/2017,4:00,4:59,0.07,kWh,$0.01 
2/6/2017,5:00,5:59,0.04,kWh,$0.01 
2/6/2017,6:00,6:59,0.07,kWh,$0.01 
2/6/2017,7:00,7:59,0.52,kWh,$0.08 
2/6/2017,8:00,8:59,0.07,kWh,$0.01 
2/6/2017,9:00,9:59,6.04,kWh,$0.92 
2/6/2017,10:00,10:59,0.08,kWh,$0.01 
2/6/2017,11:00,11:59,0.07,kWh,$0.01 
2/6/2017,12:00,12:59,0.04,kWh,$0.01 
2/6/2017,13:00,13:59,0.08,kWh,$0.01 
2/6/2017,14:00,14:59,0.56,kWh,$0.09 
2/6/2017,15:00,15:59,0.04,kWh,$0.01 
2/6/2017,16:00,16:59,0.16,kWh,$0.03 
2/6/2017,17:00,17:59,0.06,kWh,$0.01 
2/6/2017,18:00,18:59,0.08,kWh,$0.01 
2/6/2017,19:00,19:59,3.32,kWh,$0.55 
2/6/2017,20:00,20:59,5.69,kWh,$0.87 
2/6/2017,21:00,21:59,2.84,kWh,$0.43 
2/6/2017,22:00,22:59,0.44,kWh,$0.07 
2/6/2017,23:00,23:59,4.88,kWh,$0.74 
2/7/2017,0:00,0:59,2.29,kWh,$0.35 
2/7/2017,1:00,1:59,0.96,kWh,$0.15 
2/7/2017,2:00,2:59,0.07,kWh,$0.01 
2/7/2017,3:00,3:59,0.06,kWh,$0.01 
2/7/2017,4:00,4:59,5.56,kWh,$0.85 
2/7/2017,5:00,5:59,2.64,kWh,$0.40 
2/7/2017,6:00,6:59,0.06,kWh,$0.01 
2/7/2017,7:00,7:59,0.04,kWh,$0.01 
2/7/2017,8:00,8:59,0.05,kWh,$0.01 
2/7/2017,9:00,9:59,0.05,kWh,$0.01 
2/7/2017,10:00,10:59,0.06,kWh,$0.01 
2/7/2017,11:00,11:59,0.49,kWh,$0.07 
2/7/2017,12:00,12:59,0.06,kWh,$0.01 
2/7/2017,13:00,13:59,0.06,kWh,$0.01 
2/7/2017,14:00,14:59,0.06,kWh,$0.01 
2/7/2017,15:00,15:59,0.05,kWh,$0.01 
2/7/2017,16:00,16:59,0.04,kWh,$0.01 
2/7/2017,17:00,17:59,0.05,kWh,$0.01 
2/7/2017,18:00,18:59,0.06,kWh,$0.01 
2/7/2017,19:00,19:59,0.06,kWh,$0.01 
2/7/2017,20:00,20:59,0.06,kWh,$0.01 
2/7/2017,21:00,21:59,0.06,kWh,$0.01 
2/7/2017,22:00,22:59,0.53,kWh,$0.08 
2/7/2017,23:00,23:59,0.04,kWh,$0.01 
2/8/2017,0:00,0:59,0.06,kWh,$0.01 
2/8/2017,1:00,1:59,0.13,kWh,$0.02 
2/8/2017,2:00,2:59,0.05,kWh,$0.01 
2/8/2017,3:00,3:59,0.06,kWh,$0.01 
2/8/2017,4:00,4:59,0.06,kWh,$0.01 
2/8/2017,5:00,5:59,0.05,kWh,$0.01 
2/8/2017,6:00,6:59,0.05,kWh,$0.01 
2/8/2017,7:00,7:59,0.05,kWh,$0.01 
2/8/2017,8:00,8:59,0.04,kWh,$0.01 
2/8/2017,9:00,9:59,0.04,kWh,$0.01 
2/8/2017,10:00,10:59,0.05,kWh,$0.01 
2/8/2017,11:00,11:59,0.05,kWh,$0.01 
2/8/2017,12:00,12:59,0.05,kWh,$0.01 
2/8/2017,13:00,13:59,0.41,kWh,$0.06 
2/8/2017,14:00,14:59,0.3,kWh,$0.05 
2/8/2017,15:00,15:59,0.04,kWh,$0.01 
2/8/2017,16:00,16:59,0.04,kWh,$0.01 
2/8/2017,17:00,17:59,0.05,kWh,$0.01 
2/8/2017,18:00,18:59,0.05,kWh,$0.01 
2/8/2017,19:00,19:59,0.05,kWh,$0.01 
2/8/2017,20:00,20:59,0.05,kWh,$0.01 
2/8/2017,21:00,21:59,0.05,kWh,$0.01 
2/8/2017,22:00,22:59,0.05,kWh,$0.01 
2/8/2017,23:00,23:59,0.04,kWh,$0.01 
2/9/2017,0:00,0:59,0.05,kWh,$0.01 
2/9/2017,1:00,1:59,0.05,kWh,$0.01 
2/9/2017,2:00,2:59,0.05,kWh,$0.01 
2/9/2017,3:00,3:59,0.06,kWh,$0.01 
2/9/2017,4:00,4:59,0.05,kWh,$0.01 
2/9/2017,5:00,5:59,0.05,kWh,$0.01 
2/9/2017,6:00,6:59,0.04,kWh,$0.01 
2/9/2017,7:00,7:59,0.04,kWh,$0.01 
2/9/2017,8:00,8:59,0.05,kWh,$0.01 
2/9/2017,9:00,9:59,0.74,kWh,$0.11 
2/9/2017,10:00,10:59,0.05,kWh,$0.01 
2/9/2017,11:00,11:59,0.05,kWh,$0.01 
2/9/2017,12:00,12:59,0.05,kWh,$0.01 
2/9/2017,13:00,13:59,0.04,kWh,$0.01 
2/9/2017,14:00,14:59,0.05,kWh,$0.01 
2/9/2017,15:00,15:59,0.05,kWh,$0.01 
2/9/2017,16:00,16:59,0.05,kWh,$0.01 
2/9/2017,17:00,17:59,0.05,kWh,$0.01 
2/9/2017,18:00,18:59,0.08,kWh,$0.01 
2/9/2017,19:00,19:59,0.09,kWh,$0.02 
2/9/2017,20:00,20:59,0.06,kWh,$0.01 
2/9/2017,21:00,21:59,0.05,kWh,$0.01 
2/9/2017,22:00,22:59,0.03,kWh,$0.01 
2/9/2017,23:00,23:59,0.05,kWh,$0.01 
2/10/2017,0:00,0:59,0.05,kWh,$0.01 
2/10/2017,1:00,1:59,0.05,kWh,$0.01 
2/10/2017,2:00,2:59,0.05,kWh,$0.01 
2/10/2017,3:00,3:59,0.05,kWh,$0.01 
2/10/2017,4:00,4:59,0.03,kWh,$0.00 
2/10/2017,5:00,5:59,0.05,kWh,$0.01 
2/10/2017,6:00,6:59,0.8,kWh,$0.12 
2/10/2017,7:00,7:59,0.05,kWh,$0.01 
2/10/2017,8:00,8:59,0.05,kWh,$0.01 
2/10/2017,9:00,9:59,0.03,kWh,$0.00 
2/10/2017,10:00,10:59,0.05,kWh,$0.01 
2/10/2017,11:00,11:59,0.05,kWh,$0.01 
2/10/2017,12:00,12:59,0.06,kWh,$0.01 
2/10/2017,13:00,13:59,0.05,kWh,$0.01 
2/10/2017,14:00,14:59,0.05,kWh,$0.01 
2/10/2017,15:00,15:59,0.03,kWh,$0.01 
2/10/2017,16:00,16:59,0.05,kWh,$0.01 
2/10/2017,17:00,17:59,0.05,kWh,$0.01 
2/10/2017,18:00,18:59,0.05,kWh,$0.01 
2/10/2017,19:00,19:59,0.05,kWh,$0.01 
2/10/2017,20:00,20:59,0.05,kWh,$0.01 
2/10/2017,21:00,21:59,0.05,kWh,$0.01 
2/10/2017,22:00,22:59,0.04,kWh,$0.01 
2/10/2017,23:00,23:59,0.05,kWh,$0.01 
2/11/2017,0:00,0:59,0.05,kWh,$0.01 
2/11/2017,1:00,1:59,0.05,kWh,$0.01 
2/11/2017,2:00,2:59,0.05,kWh,$0.01 
2/11/2017,3:00,3:59,0.8,kWh,$0.12 
2/11/2017,4:00,4:59,0.03,kWh,$0.01 
2/11/2017,5:00,5:59,0.05,kWh,$0.01 
2/11/2017,6:00,6:59,0.05,kWh,$0.01 
2/11/2017,7:00,7:59,0.04,kWh,$0.01 
2/11/2017,8:00,8:59,0.04,kWh,$0.01 
2/11/2017,9:00,9:59,0.05,kWh,$0.01 
2/11/2017,10:00,10:59,0.05,kWh,$0.01 
2/11/2017,11:00,11:59,0.03,kWh,$0.00 
2/11/2017,12:00,12:59,0.05,kWh,$0.01 
2/11/2017,13:00,13:59,0.05,kWh,$0.01 
2/11/2017,14:00,14:59,0.05,kWh,$0.01 
2/11/2017,15:00,15:59,0.03,kWh,$0.00 
2/11/2017,16:00,16:59,0.13,kWh,$0.02 
2/11/2017,17:00,17:59,0.03,kWh,$0.00 
2/11/2017,18:00,18:59,0.05,kWh,$0.01 
2/11/2017,19:00,19:59,0.06,kWh,$0.01 
2/11/2017,20:00,20:59,0.06,kWh,$0.01 
2/11/2017,21:00,21:59,0.05,kWh,$0.01 
2/11/2017,22:00,22:59,0.03,kWh,$0.00 
2/11/2017,23:00,23:59,0.83,kWh,$0.13 
2/12/2017,0:00,0:59,0.05,kWh,$0.01 
2/12/2017,1:00,1:59,0.05,kWh,$0.01 
2/12/2017,2:00,2:59,0.05,kWh,$0.01 
2/12/2017,3:00,3:59,0.03,kWh,$0.00 
2/12/2017,4:00,4:59,0.05,kWh,$0.01 
2/12/2017,5:00,5:59,0.05,kWh,$0.01 
2/12/2017,6:00,6:59,0.03,kWh,$0.00 
2/12/2017,7:00,7:59,0.05,kWh,$0.01 
2/12/2017,8:00,8:59,0.05,kWh,$0.01 
2/12/2017,9:00,9:59,0.03,kWh,$0.00 
2/12/2017,10:00,10:59,0.05,kWh,$0.01 
2/12/2017,11:00,11:59,0.05,kWh,$0.01 
2/12/2017,12:00,12:59,0.03,kWh,$0.01 
2/12/2017,13:00,13:59,0.05,kWh,$0.01 
2/12/2017,14:00,14:59,0.05,kWh,$0.01 
2/12/2017,15:00,15:59,0.05,kWh,$0.01 
2/12/2017,16:00,16:59,0.04,kWh,$0.01 
2/12/2017,17:00,17:59,0.04,kWh,$0.01 
2/12/2017,18:00,18:59,0.05,kWh,$0.01 
2/12/2017,19:00,19:59,0.78,kWh,$0.12 
2/12/2017,20:00,20:59,0.05,kWh,$0.01 
2/12/2017,21:00,21:59,0.05,kWh,$0.01 
2/12/2017,22:00,22:59,0.03,kWh,$0.01 
2/12/2017,23:00,23:59,0.04,kWh,$0.01 
2/13/2017,0:00,0:59,0.05,kWh,$0.01 
2/13/2017,1:00,1:59,0.05,kWh,$0.01 
2/13/2017,2:00,2:59,0.05,kWh,$0.01 
2/13/2017,3:00,3:59,0.03,kWh,$0.00 
2/13/2017,4:00,4:59,0.05,kWh,$0.01 
2/13/2017,5:00,5:59,0.05,kWh,$0.01 
2/13/2017,6:00,6:59,0.03,kWh,$0.01 
2/13/2017,7:00,7:59,0.04,kWh,$0.01 
2/13/2017,8:00,8:59,0.05,kWh,$0.01 
2/13/2017,9:00,9:59,0.04,kWh,$0.01 
2/13/2017,10:00,10:59,0.03,kWh,$0.01 
2/13/2017,11:00,11:59,0.05,kWh,$0.01 
2/13/2017,12:00,12:59,0.05,kWh,$0.01 
2/13/2017,13:00,13:59,0.03,kWh,$0.00 
2/13/2017,14:00,14:59,0.79,kWh,$0.12 
2/13/2017,15:00,15:59,0.05,kWh,$0.01 
2/13/2017,16:00,16:59,0.11,kWh,$0.02 
2/13/2017,17:00,17:59,0.06,kWh,$0.01 
2/13/2017,18:00,18:59,0.06,kWh,$0.01 
2/13/2017,19:00,19:59,0.05,kWh,$0.01 
2/13/2017,20:00,20:59,0.03,kWh,$0.00 
2/13/2017,21:00,21:59,0.05,kWh,$0.01 
2/13/2017,22:00,22:59,0.05,kWh,$0.01 
2/13/2017,23:00,23:59,0.05,kWh,$0.01 
2/14/2017,0:00,0:59,0.05,kWh,$0.01 
2/14/2017,1:00,1:59,0.03,kWh,$0.00 
2/14/2017,2:00,2:59,0.05,kWh,$0.01 
2/14/2017,3:00,3:59,0.05,kWh,$0.01 
2/14/2017,4:00,4:59,0.05,kWh,$0.01 
2/14/2017,5:00,5:59,0.03,kWh,$0.01 
2/14/2017,6:00,6:59,0.04,kWh,$0.01 
2/14/2017,7:00,7:59,0.05,kWh,$0.01 
2/14/2017,8:00,8:59,0.05,kWh,$0.01 
2/14/2017,9:00,9:59,0.03,kWh,$0.00 
2/14/2017,10:00,10:59,0.77,kWh,$0.12 
2/14/2017,11:00,11:59,0.05,kWh,$0.01 
2/14/2017,12:00,12:59,0.05,kWh,$0.01 
2/14/2017,13:00,13:59,0.03,kWh,$0.00 
2/14/2017,14:00,14:59,0.05,kWh,$0.01 
2/14/2017,15:00,15:59,0.05,kWh,$0.01 
2/14/2017,16:00,16:59,0.05,kWh,$0.01 
2/14/2017,17:00,17:59,0.05,kWh,$0.01 
2/14/2017,18:00,18:59,0.05,kWh,$0.01 
2/14/2017,19:00,19:59,0.05,kWh,$0.01 
2/14/2017,20:00,20:59,0.04,kWh,$0.01 
2/14/2017,21:00,21:59,0.04,kWh,$0.01 
2/14/2017,22:00,22:59,0.05,kWh,$0.01 
2/14/2017,23:00,23:59,0.05,kWh,$0.01 
2/15/2017,0:00,0:59,0.05,kWh,$0.01 
2/15/2017,1:00,1:59,0.05,kWh,$0.01 
2/15/2017,2:00,2:59,0.05,kWh,$0.01 
2/15/2017,3:00,3:59,0.04,kWh,$0.01 
2/15/2017,4:00,4:59,0.04,kWh,$0.01 
2/15/2017,5:00,5:59,0.05,kWh,$0.01 
2/15/2017,6:00,6:59,0.78,kWh,$0.12 
2/15/2017,7:00,7:59,0.05,kWh,$0.01 
2/15/2017,8:00,8:59,0.05,kWh,$0.01 
2/15/2017,9:00,9:59,0.03,kWh,$0.00 
2/15/2017,10:00,10:59,0.05,kWh,$0.01 
2/15/2017,11:00,11:59,0.05,kWh,$0.01 
2/15/2017,12:00,12:59,0.05,kWh,$0.01 
2/15/2017,13:00,13:59,0.05,kWh,$0.01 
2/15/2017,14:00,14:59,0.03,kWh,$0.01 
2/15/2017,15:00,15:59,0.13,kWh,$0.02 
2/15/2017,16:00,16:59,0.05,kWh,$0.01 
2/15/2017,17:00,17:59,0.05,kWh,$0.01 
2/15/2017,18:00,18:59,0.04,kWh,$0.01 
2/15/2017,19:00,19:59,0.05,kWh,$0.01 
2/15/2017,20:00,20:59,0.05,kWh,$0.01 
2/15/2017,21:00,21:59,0.05,kWh,$0.01 
2/15/2017,22:00,22:59,0.05,kWh,$0.01 
2/15/2017,23:00,23:59,0.05,kWh,$0.01 
2/16/2017,0:00,0:59,0.05,kWh,$0.01 
2/16/2017,1:00,1:59,0.04,kWh,$0.01 
2/16/2017,2:00,2:59,0.78,kWh,$0.12 
2/16/2017,3:00,3:59,0.05,kWh,$0.01 
2/16/2017,4:00,4:59,0.05,kWh,$0.01 
2/16/2017,5:00,5:59,0.05,kWh,$0.01 
2/16/2017,6:00,6:59,0.05,kWh,$0.01 
2/16/2017,7:00,7:59,0.05,kWh,$0.01 
2/16/2017,8:00,8:59,0.03,kWh,$0.00 
2/16/2017,9:00,9:59,0.05,kWh,$0.01 
2/16/2017,10:00,10:59,0.05,kWh,$0.01 
2/16/2017,11:00,11:59,0.05,kWh,$0.01 
2/16/2017,12:00,12:59,0.05,kWh,$0.01 
2/16/2017,13:00,13:59,0.05,kWh,$0.01 
2/16/2017,14:00,14:59,0.04,kWh,$0.01 
2/16/2017,15:00,15:59,0.04,kWh,$0.01 
2/16/2017,16:00,16:59,0.05,kWh,$0.01 
2/16/2017,17:00,17:59,0.05,kWh,$0.01 
2/16/2017,18:00,18:59,0.05,kWh,$0.01 
2/16/2017,19:00,19:59,0.05,kWh,$0.01 
2/16/2017,20:00,20:59,0.05,kWh,$0.01 
2/16/2017,21:00,21:59,0.05,kWh,$0.01 
2/16/2017,22:00,22:59,0.05,kWh,$0.01 
2/16/2017,23:00,23:59,0.09,kWh,$0.01 
2/17/2017,0:00,0:59,0.75,kWh,$0.11 
2/17/2017,1:00,1:59,0.05,kWh,$0.01 
2/17/2017,2:00,2:59,0.05,kWh,$0.01 
2/17/2017,3:00,3:59,0.05,kWh,$0.01 
2/17/2017,4:00,4:59,0.05,kWh,$0.01 
2/17/2017,5:00,5:59,0.05,kWh,$0.01 
2/17/2017,6:00,6:59,0.03,kWh,$0.00 
2/17/2017,7:00,7:59,0.05,kWh,$0.01 
2/17/2017,8:00,8:59,0.05,kWh,$0.01 
2/17/2017,9:00,9:59,0.09,kWh,$0.01 
2/17/2017,10:00,10:59,0.06,kWh,$0.01 
2/17/2017,11:00,11:59,0.06,kWh,$0.01 
2/17/2017,12:00,12:59,0.05,kWh,$0.01 
2/17/2017,13:00,13:59,0.05,kWh,$0.01 
2/17/2017,14:00,14:59,0.04,kWh,$0.01 
2/17/2017,15:00,15:59,0.04,kWh,$0.01 
2/17/2017,16:00,16:59,0.05,kWh,$0.01 
2/17/2017,17:00,17:59,0.05,kWh,$0.01 
2/17/2017,18:00,18:59,0.05,kWh,$0.01 
2/17/2017,19:00,19:59,0.03,kWh,$0.00 
2/17/2017,20:00,20:59,0.05,kWh,$0.01 
2/17/2017,21:00,21:59,0.8,kWh,$0.12 
2/17/2017,22:00,22:59,0.05,kWh,$0.01 
2/17/2017,23:00,23:59,0.03,kWh,$0.00 
2/18/2017,0:00,0:59,0.05,kWh,$0.01 
2/18/2017,1:00,1:59,0.05,kWh,$0.01 
2/18/2017,2:00,2:59,0.05,kWh,$0.01 
2/18/2017,3:00,3:59,0.03,kWh,$0.00 
2/18/2017,4:00,4:59,0.05,kWh,$0.01 
2/18/2017,5:00,5:59,0.05,kWh,$0.01 
2/18/2017,6:00,6:59,0.05,kWh,$0.01 
2/18/2017,7:00,7:59,0.03,kWh,$0.00 
2/18/2017,8:00,8:59,0.05,kWh,$0.01 
2/18/2017,9:00,9:59,0.05,kWh,$0.01 
2/18/2017,10:00,10:59,0.04,kWh,$0.01 
2/18/2017,11:00,11:59,0.04,kWh,$0.01 
2/18/2017,12:00,12:59,0.05,kWh,$0.01 
2/18/2017,13:00,13:59,0.05,kWh,$0.01 
2/18/2017,14:00,14:59,0.04,kWh,$0.01 
2/18/2017,15:00,15:59,0.04,kWh,$0.01 
2/18/2017,16:00,16:59,0.05,kWh,$0.01 
2/18/2017,17:00,17:59,0.75,kWh,$0.11 
2/18/2017,18:00,18:59,0.04,kWh,$0.01 
2/18/2017,19:00,19:59,0.04,kWh,$0.01 
2/18/2017,20:00,20:59,0.05,kWh,$0.01 
2/18/2017,21:00,21:59,0.05,kWh,$0.01 
2/18/2017,22:00,22:59,0.04,kWh,$0.01 
2/18/2017,23:00,23:59,0.04,kWh,$0.01 
2/19/2017,0:00,0:59,0.05,kWh,$0.01 
2/19/2017,1:00,1:59,0.05,kWh,$0.01 
2/19/2017,2:00,2:59,0.03,kWh,$0.00 
2/19/2017,3:00,3:59,0.05,kWh,$0.01 
2/19/2017,4:00,4:59,0.05,kWh,$0.01 
2/19/2017,5:00,5:59,0.03,kWh,$0.00 
2/19/2017,6:00,6:59,0.05,kWh,$0.01 
2/19/2017,7:00,7:59,0.05,kWh,$0.01 
2/19/2017,8:00,8:59,0.04,kWh,$0.01 
2/19/2017,9:00,9:59,0.04,kWh,$0.01 
2/19/2017,10:00,10:59,0.09,kWh,$0.01 
2/19/2017,11:00,11:59,0.76,kWh,$0.11 
2/19/2017,12:00,12:59,0.05,kWh,$0.01 
2/19/2017,13:00,13:59,0.05,kWh,$0.01 
2/19/2017,14:00,14:59,0.03,kWh,$0.00 
2/19/2017,15:00,15:59,0.05,kWh,$0.01 
2/19/2017,16:00,16:59,0.05,kWh,$0.01 
2/19/2017,17:00,17:59,0.03,kWh,$0.00 
2/19/2017,18:00,18:59,0.05,kWh,$0.01 
2/19/2017,19:00,19:59,0.05,kWh,$0.01 
2/19/2017,20:00,20:59,0.04,kWh,$0.01 
2/19/2017,21:00,21:59,0.04,kWh,$0.01 
2/19/2017,22:00,22:59,0.05,kWh,$0.01 
2/19/2017,23:00,23:59,0.05,kWh,$0.01 
2/20/2017,0:00,0:59,0.03,kWh,$0.00 
2/20/2017,1:00,1:59,0.05,kWh,$0.01 
2/20/2017,2:00,2:59,0.05,kWh,$0.01 
2/20/2017,3:00,3:59,0.03,kWh,$0.01 
2/20/2017,4:00,4:59,0.04,kWh,$0.01 
2/20/2017,5:00,5:59,0.79,kWh,$0.12 
2/20/2017,6:00,6:59,0.05,kWh,$0.01 
2/20/2017,7:00,7:59,0.03,kWh,$0.00 
2/20/2017,8:00,8:59,0.05,kWh,$0.01 
2/20/2017,9:00,9:59,0.05,kWh,$0.01 
2/20/2017,10:00,10:59,0.03,kWh,$0.00 
2/20/2017,11:00,11:59,0.05,kWh,$0.01 
2/20/2017,12:00,12:59,0.05,kWh,$0.01 
2/20/2017,13:00,13:59,0.04,kWh,$0.01 
2/20/2017,14:00,14:59,0.04,kWh,$0.01 
2/20/2017,15:00,15:59,0.05,kWh,$0.01 
2/20/2017,16:00,16:59,0.05,kWh,$0.01 
2/20/2017,17:00,17:59,0.03,kWh,$0.00 
2/20/2017,18:00,18:59,0.05,kWh,$0.01 
2/20/2017,19:00,19:59,0.05,kWh,$0.01 
2/20/2017,20:00,20:59,0.05,kWh,$0.01 
2/20/2017,21:00,21:59,0.03,kWh,$0.00 
2/20/2017,22:00,22:59,0.05,kWh,$0.01 
2/20/2017,23:00,23:59,0.05,kWh,$0.01 
2/21/2017,0:00,0:59,0.74,kWh,$0.11 
2/21/2017,1:00,1:59,0.03,kWh,$0.00 
2/21/2017,2:00,2:59,0.05,kWh,$0.01 
2/21/2017,3:00,3:59,0.05,kWh,$0.01 
2/21/2017,4:00,4:59,0.05,kWh,$0.01 
2/21/2017,5:00,5:59,0.03,kWh,$0.00 
2/21/2017,6:00,6:59,0.05,kWh,$0.01 
2/21/2017,7:00,7:59,0.05,kWh,$0.01 
2/21/2017,8:00,8:59,0.04,kWh,$0.01 
2/21/2017,9:00,9:59,0.04,kWh,$0.01 
2/21/2017,10:00,10:59,0.05,kWh,$0.01 
2/21/2017,11:00,11:59,0.05,kWh,$0.01 
2/21/2017,12:00,12:59,0.03,kWh,$0.00 
2/21/2017,13:00,13:59,0.05,kWh,$0.01 
2/21/2017,14:00,14:59,0.11,kWh,$0.02 
2/21/2017,15:00,15:59,0.05,kWh,$0.01 
2/21/2017,16:00,16:59,0.06,kWh,$0.01 
2/21/2017,17:00,17:59,0.05,kWh,$0.01 
2/21/2017,18:00,18:59,0.05,kWh,$0.01 
2/21/2017,19:00,19:59,0.76,kWh,$0.13 
2/21/2017,20:00,20:59,0.04,kWh,$0.01 
2/21/2017,21:00,21:59,0.05,kWh,$0.01 
2/21/2017,22:00,22:59,0.05,kWh,$0.01 
2/21/2017,23:00,23:59,0.05,kWh,$0.01 
2/22/2017,0:00,0:59,0.03,kWh,$0.01 
2/22/2017,1:00,1:59,0.05,kWh,$0.01 
2/22/2017,2:00,2:59,0.05,kWh,$0.01 
2/22/2017,3:00,3:59,0.03,kWh,$0.00 
2/22/2017,4:00,4:59,0.05,kWh,$0.01 
2/22/2017,5:00,5:59,0.05,kWh,$0.01 
2/22/2017,6:00,6:59,0.04,kWh,$0.01 
2/22/2017,7:00,7:59,0.03,kWh,$0.01 
2/22/2017,8:00,8:59,0.05,kWh,$0.01 
2/22/2017,9:00,9:59,0.05,kWh,$0.01 
2/22/2017,10:00,10:59,0.03,kWh,$0.00 
2/22/2017,11:00,11:59,0.05,kWh,$0.01 
2/22/2017,12:00,12:59,0.05,kWh,$0.01 
2/22/2017,13:00,13:59,0.77,kWh,$0.12 
2/22/2017,14:00,14:59,0.05,kWh,$0.01 
2/22/2017,15:00,15:59,0.05,kWh,$0.01 
2/22/2017,16:00,16:59,0.05,kWh,$0.01 
2/22/2017,17:00,17:59,0.03,kWh,$0.01 
2/22/2017,18:00,18:59,0.05,kWh,$0.01 
2/22/2017,19:00,19:59,0.05,kWh,$0.01 
2/22/2017,20:00,20:59,0.05,kWh,$0.01 
2/22/2017,21:00,21:59,0.03,kWh,$0.00 
2/22/2017,22:00,22:59,0.05,kWh,$0.01 
2/22/2017,23:00,23:59,0.05,kWh,$0.01 
2/23/2017,0:00,0:59,0.04,kWh,$0.01 
2/23/2017,1:00,1:59,0.04,kWh,$0.01 
2/23/2017,2:00,2:59,0.05,kWh,$0.01 
2/23/2017,3:00,3:59,0.04,kWh,$0.01 
2/23/2017,4:00,4:59,0.04,kWh,$0.01 
2/23/2017,5:00,5:59,0.05,kWh,$0.01 
2/23/2017,6:00,6:59,0.03,kWh,$0.00 
2/23/2017,7:00,7:59,0.05,kWh,$0.01 
2/23/2017,8:00,8:59,0.74,kWh,$0.11 
2/23/2017,9:00,9:59,0.04,kWh,$0.01 
2/23/2017,10:00,10:59,0.05,kWh,$0.01 
2/23/2017,11:00,11:59,0.03,kWh,$0.00 
2/23/2017,12:00,12:59,0.05,kWh,$0.01 
2/23/2017,13:00,13:59,0.05,kWh,$0.01 
2/23/2017,14:00,14:59,0.03,kWh,$0.00 
2/23/2017,15:00,15:59,0.05,kWh,$0.01 
2/23/2017,16:00,16:59,0.05,kWh,$0.01 
2/23/2017,17:00,17:59,0.04,kWh,$0.01 
2/23/2017,18:00,18:59,0.04,kWh,$0.01 
2/23/2017,19:00,19:59,0.05,kWh,$0.01 
2/23/2017,20:00,20:59,0.09,kWh,$0.01 
2/23/2017,21:00,21:59,0.07,kWh,$0.01 
2/23/2017,22:00,22:59,0.05,kWh,$0.01 
2/23/2017,23:00,23:59,0.03,kWh,$0.00 
2/24/2017,0:00,0:59,0.05,kWh,$0.01 
2/24/2017,1:00,1:59,0.79,kWh,$0.12 
2/24/2017,2:00,2:59,0.03,kWh,$0.00 
2/24/2017,3:00,3:59,0.05,kWh,$0.01 
2/24/2017,4:00,4:59,0.05,kWh,$0.01 
2/24/2017,5:00,5:59,0.03,kWh,$0.00 
2/24/2017,6:00,6:59,0.05,kWh,$0.01 
2/24/2017,7:00,7:59,0.03,kWh,$0.00 
2/24/2017,8:00,8:59,0.05,kWh,$0.01 
2/24/2017,9:00,9:59,0.03,kWh,$0.00 
2/24/2017,10:00,10:59,0.05,kWh,$0.01 
2/24/2017,11:00,11:59,0.04,kWh,$0.01 
2/24/2017,12:00,12:59,0.04,kWh,$0.01 
2/24/2017,13:00,13:59,0.05,kWh,$0.01 
2/24/2017,14:00,14:59,0.03,kWh,$0.00 
2/24/2017,15:00,15:59,0.05,kWh,$0.01 
2/24/2017,16:00,16:59,0.05,kWh,$0.01 
2/24/2017,17:00,17:59,0.05,kWh,$0.01 
2/24/2017,18:00,18:59,0.74,kWh,$0.12 
2/24/2017,19:00,19:59,0.05,kWh,$0.01 
2/24/2017,20:00,20:59,0.05,kWh,$0.01 
2/24/2017,21:00,21:59,0.03,kWh,$0.01 
2/24/2017,22:00,22:59,0.05,kWh,$0.01 
2/24/2017,23:00,23:59,0.05,kWh,$0.01 
2/25/2017,0:00,0:59,0.04,kWh,$0.01 
2/25/2017,1:00,1:59,0.04,kWh,$0.01 
2/25/2017,2:00,2:59,0.05,kWh,$0.01 
2/25/2017,3:00,3:59,0.03,kWh,$0.00 
2/25/2017,4:00,4:59,0.05,kWh,$0.01 
2/25/2017,5:00,5:59,0.05,kWh,$0.01 
2/25/2017,6:00,6:59,0.03,kWh,$0.00 
2/25/2017,7:00,7:59,0.05,kWh,$0.01 
2/25/2017,8:00,8:59,0.03,kWh,$0.00 
2/25/2017,9:00,9:59,0.05,kWh,$0.01 
2/25/2017,10:00,10:59,0.03,kWh,$0.00 
2/25/2017,11:00,11:59,0.74,kWh,$0.11 
2/25/2017,12:00,12:59,0.05,kWh,$0.01 
2/25/2017,13:00,13:59,0.03,kWh,$0.00 
2/25/2017,14:00,14:59,0.05,kWh,$0.01 
2/25/2017,15:00,15:59,0.05,kWh,$0.01 
2/25/2017,16:00,16:59,0.04,kWh,$0.01 
2/25/2017,17:00,17:59,0.04,kWh,$0.01 
2/25/2017,18:00,18:59,0.05,kWh,$0.01 
2/25/2017,19:00,19:59,0.05,kWh,$0.01 
2/25/2017,20:00,20:59,0.04,kWh,$0.01 
2/25/2017,21:00,21:59,0.04,kWh,$0.01 
2/25/2017,22:00,22:59,0.05,kWh,$0.01 
2/25/2017,23:00,23:59,0.05,kWh,$0.01 
2/26/2017,0:00,0:59,0.04,kWh,$0.01 
2/26/2017,1:00,1:59,0.04,kWh,$0.01 
2/26/2017,2:00,2:59,0.05,kWh,$0.01 
2/26/2017,3:00,3:59,0.05,kWh,$0.01 
2/26/2017,4:00,4:59,0.74,kWh,$0.11 
2/26/2017,5:00,5:59,0.05,kWh,$0.01 
2/26/2017,6:00,6:59,0.09,kWh,$0.01 
2/26/2017,7:00,7:59,0.07,kWh,$0.01 
2/26/2017,8:00,8:59,0.05,kWh,$0.01 
2/26/2017,9:00,9:59,0.03,kWh,$0.00 
2/26/2017,10:00,10:59,0.05,kWh,$0.01 
2/26/2017,11:00,11:59,0.05,kWh,$0.01 
2/26/2017,12:00,12:59,0.03,kWh,$0.01 
2/26/2017,13:00,13:59,0.05,kWh,$0.01 
2/26/2017,14:00,14:59,0.05,kWh,$0.01 
2/26/2017,15:00,15:59,0.05,kWh,$0.01 
2/26/2017,16:00,16:59,0.04,kWh,$0.01 
2/26/2017,17:00,17:59,0.04,kWh,$0.01 
2/26/2017,18:00,18:59,0.05,kWh,$0.01 
2/26/2017,19:00,19:59,0.05,kWh,$0.01 
2/26/2017,20:00,20:59,0.05,kWh,$0.01 
2/26/2017,21:00,21:59,0.05,kWh,$0.01 
2/26/2017,22:00,22:59,0.73,kWh,$0.11 
2/26/2017,23:00,23:59,0.05,kWh,$0.01 
2/27/2017,0:00,0:59,0.05,kWh,$0.01 
2/27/2017,1:00,1:59,0.05,kWh,$0.01 
2/27/2017,2:00,2:59,0.05,kWh,$0.01 
2/27/2017,3:00,3:59,0.03,kWh,$0.00 
2/27/2017,4:00,4:59,0.05,kWh,$0.01 
2/27/2017,5:00,5:59,0.05,kWh,$0.01 
2/27/2017,6:00,6:59,0.04,kWh,$0.01 
2/27/2017,7:00,7:59,0.04,kWh,$0.01 
2/27/2017,8:00,8:59,0.05,kWh,$0.01 
2/27/2017,9:00,9:59,0.05,kWh,$0.01 
2/27/2017,10:00,10:59,0.03,kWh,$0.00 
2/27/2017,11:00,11:59,0.05,kWh,$0.01 
2/27/2017,12:00,12:59,0.05,kWh,$0.01 
2/27/2017,13:00,13:59,0.05,kWh,$0.01 
2/27/2017,14:00,14:59,0.04,kWh,$0.01 
2/27/2017,15:00,15:59,0.04,kWh,$0.01 
2/27/2017,16:00,16:59,0.76,kWh,$0.13 
2/27/2017,17:00,17:59,0.05,kWh,$0.01 
2/27/2017,18:00,18:59,0.05,kWh,$0.01 
2/27/2017,19:00,19:59,0.05,kWh,$0.01 
2/27/2017,20:00,20:59,0.03,kWh,$0.00 
2/27/2017,21:00,21:59,0.05,kWh,$0.01 
2/27/2017,22:00,22:59,0.05,kWh,$0.01 
2/27/2017,23:00,23:59,0.05,kWh,$0.01 
2/28/2017,0:00,0:59,0.05,kWh,$0.01 
2/28/2017,1:00,1:59,0.03,kWh,$0.00 
2/28/2017,2:00,2:59,0.05,kWh,$0.01 
2/28/2017,3:00,3:59,0.05,kWh,$0.01 
2/28/2017,4:00,4:59,0.04,kWh,$0.01 
2/28/2017,5:00,5:59,0.04,kWh,$0.01 
2/28/2017,6:00,6:59,0.05,kWh,$0.01 
2/28/2017,7:00,7:59,0.03,kWh,$0.01 
2/28/2017,8:00,8:59,0.12,kWh,$0.02 
2/28/2017,9:00,9:59,0.76,kWh,$0.12 
2/28/2017,10:00,10:59,0.04,kWh,$0.01 
2/28/2017,11:00,11:59,0.05,kWh,$0.01 
2/28/2017,12:00,12:59,0.05,kWh,$0.01 
2/28/2017,13:00,13:59,0.03,kWh,$0.00 
2/28/2017,14:00,14:59,0.05,kWh,$0.01 
2/28/2017,15:00,15:59,0.05,kWh,$0.01 
2/28/2017,16:00,16:59,0.05,kWh,$0.01 
2/28/2017,17:00,17:59,0.05,kWh,$0.01 
2/28/2017,18:00,18:59,4.19,kWh,$0.70 
2/28/2017,19:00,19:59,3.44,kWh,$0.57 
2/28/2017,20:00,20:59,2.3,kWh,$0.35 
2/28/2017,21:00,21:59,0.26,kWh,$0.04 
2/28/2017,22:00,22:59,1.59,kWh,$0.24 
2/28/2017,23:00,23:59,3.54,kWh,$0.54 
3/1/2017,0:00,0:59,2.28,kWh,$0.39 
3/1/2017,1:00,1:59,0.47,kWh,$0.08 
3/1/2017,2:00,2:59,0.11,kWh,$0.02 
3/1/2017,3:00,3:59,0.06,kWh,$0.01 
3/1/2017,4:00,4:59,0.07,kWh,$0.01 
3/1/2017,5:00,5:59,0.06,kWh,$0.01 
3/1/2017,6:00,6:59,0.06,kWh,$0.01 
3/1/2017,7:00,7:59,0.05,kWh,$0.01 
3/1/2017,8:00,8:59,2.88,kWh,$0.50 
3/1/2017,9:00,9:59,3.14,kWh,$0.54 
3/1/2017,10:00,10:59,0.06,kWh,$0.01 
3/1/2017,11:00,11:59,0.06,kWh,$0.01 
3/1/2017,12:00,12:59,0.05,kWh,$0.01 
3/1/2017,13:00,13:59,0.06,kWh,$0.01 
3/1/2017,14:00,14:59,0.52,kWh,$0.09 
3/1/2017,15:00,15:59,0.06,kWh,$0.01 
3/1/2017,16:00,16:59,0.06,kWh,$0.01 
3/1/2017,17:00,17:59,0.11,kWh,$0.02 
3/1/2017,18:00,18:59,0.08,kWh,$0.02 
3/1/2017,19:00,19:59,2.16,kWh,$0.40 
3/1/2017,20:00,20:59,0.22,kWh,$0.04 
3/1/2017,21:00,21:59,0.67,kWh,$0.12 
3/1/2017,22:00,22:59,1.11,kWh,$0.19 
3/1/2017,23:00,23:59,1.01,kWh,$0.17 
3/2/2017,0:00,0:59,2.78,kWh,$0.48 
3/2/2017,1:00,1:59,1.38,kWh,$0.24 
3/2/2017,2:00,2:59,0.92,kWh,$0.16 
3/2/2017,3:00,3:59,0.12,kWh,$0.02 
3/2/2017,4:00,4:59,0.04,kWh,$0.01 
3/2/2017,5:00,5:59,0.07,kWh,$0.01 
3/2/2017,6:00,6:59,0.07,kWh,$0.01 
3/2/2017,7:00,7:59,0.71,kWh,$0.12 
3/2/2017,8:00,8:59,3.99,kWh,$0.69 
3/2/2017,9:00,9:59,2.33,kWh,$0.40 
3/2/2017,10:00,10:59,0.06,kWh,$0.01 
3/2/2017,11:00,11:59,0.06,kWh,$0.01 
3/2/2017,12:00,12:59,0.06,kWh,$0.01 
3/2/2017,13:00,13:59,0.06,kWh,$0.01 
3/2/2017,14:00,14:59,0.53,kWh,$0.09 
3/2/2017,15:00,15:59,0.06,kWh,$0.01 
3/2/2017,16:00,16:59,0.06,kWh,$0.01 
3/2/2017,17:00,17:59,0.06,kWh,$0.01 
3/2/2017,18:00,18:59,0.24,kWh,$0.05 
3/2/2017,19:00,19:59,2.03,kWh,$0.38 
3/2/2017,20:00,20:59,0.21,kWh,$0.04 
3/2/2017,21:00,21:59,0.17,kWh,$0.03 
3/2/2017,22:00,22:59,1.42,kWh,$0.25 
3/2/2017,23:00,23:59,0.69,kWh,$0.12 
3/3/2017,0:00,0:59,4.55,kWh,$0.79 
3/3/2017,1:00,1:59,1.16,kWh,$0.20 
3/3/2017,2:00,2:59,0.12,kWh,$0.02 
3/3/2017,3:00,3:59,0.07,kWh,$0.01 
3/3/2017,4:00,4:59,0.07,kWh,$0.01 
3/3/2017,5:00,5:59,0.06,kWh,$0.01 
3/3/2017,6:00,6:59,0.61,kWh,$0.11 
3/3/2017,7:00,7:59,0.47,kWh,$0.08 
3/3/2017,8:00,8:59,3.69,kWh,$0.64 
3/3/2017,9:00,9:59,2.53,kWh,$0.44 
3/3/2017,10:00,10:59,0.06,kWh,$0.01 
3/3/2017,11:00,11:59,0.06,kWh,$0.01 
3/3/2017,12:00,12:59,0.06,kWh,$0.01 
3/3/2017,13:00,13:59,0.05,kWh,$0.01 
3/3/2017,14:00,14:59,0.48,kWh,$0.08 
3/3/2017,15:00,15:59,0.06,kWh,$0.01 
3/3/2017,16:00,16:59,0.06,kWh,$0.01 
3/3/2017,17:00,17:59,0.06,kWh,$0.01 
3/3/2017,18:00,18:59,0.15,kWh,$0.03 
3/3/2017,19:00,19:59,1.63,kWh,$0.30 
3/3/2017,20:00,20:59,0.15,kWh,$0.03 
3/3/2017,21:00,21:59,0.12,kWh,$0.02 
3/3/2017,22:00,22:59,0.77,kWh,$0.13 
3/3/2017,23:00,23:59,3.08,kWh,$0.53 
3/4/2017,0:00,0:59,0.95,kWh,$0.16 
3/4/2017,1:00,1:59,0.08,kWh,$0.01 
3/4/2017,2:00,2:59,0.07,kWh,$0.01 
3/4/2017,3:00,3:59,0.06,kWh,$0.01 
3/4/2017,4:00,4:59,0.49,kWh,$0.08 
3/4/2017,5:00,5:59,0.06,kWh,$0.01 
3/4/2017,6:00,6:59,0.06,kWh,$0.01 
3/4/2017,7:00,7:59,0.88,kWh,$0.15 
3/4/2017,8:00,8:59,0.13,kWh,$0.02 
3/4/2017,9:00,9:59,0.45,kWh,$0.08 
3/4/2017,10:00,10:59,3.26,kWh,$0.56 
3/4/2017,11:00,11:59,2.61,kWh,$0.45 
3/4/2017,12:00,12:59,0.09,kWh,$0.02 
3/4/2017,13:00,13:59,0.07,kWh,$0.01 
3/4/2017,14:00,14:59,0.07,kWh,$0.01 
3/4/2017,15:00,15:59,0.07,kWh,$0.01 
3/4/2017,16:00,16:59,0.5,kWh,$0.09 
3/4/2017,17:00,17:59,0.07,kWh,$0.01 
3/4/2017,18:00,18:59,0.2,kWh,$0.03 
3/4/2017,19:00,19:59,1.03,kWh,$0.18 
3/4/2017,20:00,20:59,0.24,kWh,$0.04 
3/4/2017,21:00,21:59,0.57,kWh,$0.10 
3/4/2017,22:00,22:59,1.32,kWh,$0.23 
3/4/2017,23:00,23:59,1.83,kWh,$0.32 
3/5/2017,0:00,0:59,3,kWh,$0.52 
3/5/2017,1:00,1:59,1.56,kWh,$0.27 
3/5/2017,2:00,2:59,0.14,kWh,$0.02 
3/5/2017,3:00,3:59,0.06,kWh,$0.01 
3/5/2017,4:00,4:59,0.08,kWh,$0.01 
3/5/2017,5:00,5:59,0.08,kWh,$0.01 
3/5/2017,6:00,6:59,0.08,kWh,$0.01 
3/5/2017,7:00,7:59,0.49,kWh,$0.09 
3/5/2017,8:00,8:59,2.31,kWh,$0.40 
3/5/2017,9:00,9:59,3.32,kWh,$0.57 
3/5/2017,10:00,10:59,0.72,kWh,$0.13 
3/5/2017,11:00,11:59,0.13,kWh,$0.02 
3/5/2017,12:00,12:59,1.57,kWh,$0.27 
3/5/2017,13:00,13:59,0.38,kWh,$0.07 
3/5/2017,14:00,14:59,2.11,kWh,$0.37 
3/5/2017,15:00,15:59,3.02,kWh,$0.52 
3/5/2017,16:00,16:59,2.7,kWh,$0.47 
3/5/2017,17:00,17:59,1.19,kWh,$0.21 
3/5/2017,18:00,18:59,2.21,kWh,$0.38 
3/5/2017,19:00,19:59,0.97,kWh,$0.17 
3/5/2017,20:00,20:59,0.78,kWh,$0.13 
3/5/2017,21:00,21:59,0.19,kWh,$0.03 
3/5/2017,22:00,22:59,0.31,kWh,$0.05 
3/5/2017,23:00,23:59,1.91,kWh,$0.33 
3/6/2017,0:00,0:59,0.48,kWh,$0.08 
3/6/2017,1:00,1:59,0.07,kWh,$0.01 
3/6/2017,2:00,2:59,0.08,kWh,$0.01 
3/6/2017,3:00,3:59,0.08,kWh,$0.01 
3/6/2017,4:00,4:59,0.5,kWh,$0.09 
3/6/2017,5:00,5:59,0.07,kWh,$0.01 
3/6/2017,6:00,6:59,0.08,kWh,$0.01 
3/6/2017,7:00,7:59,2.74,kWh,$0.47 
3/6/2017,8:00,8:59,4.46,kWh,$0.77 
3/6/2017,9:00,9:59,1.04,kWh,$0.18 
3/6/2017,10:00,10:59,0.07,kWh,$0.01 
3/6/2017,11:00,11:59,0.06,kWh,$0.01 
3/6/2017,12:00,12:59,0.48,kWh,$0.08 
3/6/2017,13:00,13:59,0.15,kWh,$0.03 
3/6/2017,14:00,14:59,0.09,kWh,$0.01 
3/6/2017,15:00,15:59,0.04,kWh,$0.01 
3/6/2017,16:00,16:59,0.07,kWh,$0.01 
3/6/2017,17:00,17:59,0.07,kWh,$0.01 
3/6/2017,18:00,18:59,0.06,kWh,$0.01 
3/6/2017,19:00,19:59,0.45,kWh,$0.08 
3/6/2017,20:00,20:59,0.54,kWh,$0.09 
3/6/2017,21:00,21:59,1.04,kWh,$0.18 
3/6/2017,22:00,22:59,0.5,kWh,$0.09 
3/6/2017,23:00,23:59,6.34,kWh,$1.09 
3/7/2017,0:00,0:59,2.19,kWh,$0.38 
3/7/2017,1:00,1:59,0.07,kWh,$0.01 
3/7/2017,2:00,2:59,0.06,kWh,$0.01 
3/7/2017,3:00,3:59,0.51,kWh,$0.09 
3/7/2017,4:00,4:59,0.06,kWh,$0.01 
3/7/2017,5:00,5:59,0.06,kWh,$0.01 
3/7/2017,6:00,6:59,0.06,kWh,$0.01 
3/7/2017,7:00,7:59,0.05,kWh,$0.01 
3/7/2017,8:00,8:59,2.76,kWh,$0.48 
3/7/2017,9:00,9:59,4.54,kWh,$0.78 
3/7/2017,10:00,10:59,1.25,kWh,$0.22 
3/7/2017,11:00,11:59,0.59,kWh,$0.10 
3/7/2017,12:00,12:59,0.58,kWh,$0.10 
3/7/2017,13:00,13:59,0.58,kWh,$0.10 
3/7/2017,14:00,14:59,0.58,kWh,$0.10 
3/7/2017,15:00,15:59,0.62,kWh,$0.12 
3/7/2017,16:00,16:59,0.99,kWh,$0.18 
3/7/2017,17:00,17:59,0.57,kWh,$0.11 
3/7/2017,18:00,18:59,0.57,kWh,$0.11 
3/7/2017,19:00,19:59,0.54,kWh,$0.10 
3/7/2017,20:00,20:59,1.27,kWh,$0.22 
3/7/2017,21:00,21:59,0.24,kWh,$0.04 
3/7/2017,22:00,22:59,0.34,kWh,$0.06 
3/7/2017,23:00,23:59,1.03,kWh,$0.18 
3/8/2017,0:00,0:59,2.94,kWh,$0.51 
3/8/2017,1:00,1:59,0.27,kWh,$0.05 
3/8/2017,2:00,2:59,0.08,kWh,$0.01 
3/8/2017,3:00,3:59,0.45,kWh,$0.08 
3/8/2017,4:00,4:59,0.05,kWh,$0.01 
3/8/2017,5:00,5:59,0.07,kWh,$0.01 
3/8/2017,6:00,6:59,0.07,kWh,$0.01 
3/8/2017,7:00,7:59,0.04,kWh,$0.01 
3/8/2017,8:00,8:59,0.66,kWh,$0.11 
3/8/2017,9:00,9:59,1.34,kWh,$0.23 
3/8/2017,10:00,10:59,0.08,kWh,$0.01 
3/8/2017,11:00,11:59,0.06,kWh,$0.01 
3/8/2017,12:00,12:59,0.06,kWh,$0.01 
3/8/2017,13:00,13:59,0.06,kWh,$0.01 
3/8/2017,14:00,14:59,0.25,kWh,$0.04 
3/8/2017,15:00,15:59,0.32,kWh,$0.06 
3/8/2017,16:00,16:59,1.02,kWh,$0.19 
3/8/2017,17:00,17:59,0.07,kWh,$0.01 
3/8/2017,18:00,18:59,1.45,kWh,$0.27 
3/8/2017,19:00,19:59,0.86,kWh,$0.16 
3/8/2017,20:00,20:59,1.99,kWh,$0.34 
3/8/2017,21:00,21:59,0.21,kWh,$0.04 
3/8/2017,22:00,22:59,1.53,kWh,$0.26 
3/8/2017,23:00,23:59,1.14,kWh,$0.20 
3/9/2017,0:00,0:59,2.59,kWh,$0.45 
3/9/2017,1:00,1:59,1.02,kWh,$0.18 
3/9/2017,2:00,2:59,1.13,kWh,$0.19 
3/9/2017,3:00,3:59,0.09,kWh,$0.02 
3/9/2017,4:00,4:59,0.13,kWh,$0.02 
3/9/2017,5:00,5:59,0.07,kWh,$0.01 
3/9/2017,6:00,6:59,0.06,kWh,$0.01 
3/9/2017,7:00,7:59,0.06,kWh,$0.01 
3/9/2017,8:00,8:59,1.26,kWh,$0.22 
3/9/2017,9:00,9:59,0.66,kWh,$0.11 
3/9/2017,10:00,10:59,0.06,kWh,$0.01 
3/9/2017,11:00,11:59,0.07,kWh,$0.01 
3/9/2017,12:00,12:59,0.06,kWh,$0.01 
3/9/2017,13:00,13:59,0.07,kWh,$0.01 
3/9/2017,14:00,14:59,0.07,kWh,$0.01 
3/9/2017,15:00,15:59,0.06,kWh,$0.01 
3/9/2017,16:00,16:59,0.51,kWh,$0.09 
3/9/2017,17:00,17:59,0.07,kWh,$0.01 
3/9/2017,18:00,18:59,0.08,kWh,$0.01 
3/9/2017,19:00,19:59,0.27,kWh,$0.05 
3/9/2017,20:00,20:59,1.16,kWh,$0.20 
3/9/2017,21:00,21:59,0.36,kWh,$0.06 
3/9/2017,22:00,22:59,0.44,kWh,$0.08 
3/9/2017,23:00,23:59,1.42,kWh,$0.24 
3/10/2017,0:00,0:59,2.76,kWh,$0.48 
3/10/2017,1:00,1:59,0.96,kWh,$0.17 
3/10/2017,2:00,2:59,0.08,kWh,$0.01 
3/10/2017,3:00,3:59,0.07,kWh,$0.01 
3/10/2017,4:00,4:59,0.07,kWh,$0.01 
3/10/2017,5:00,5:59,0.07,kWh,$0.01 
3/10/2017,6:00,6:59,0.07,kWh,$0.01 
3/10/2017,7:00,7:59,1.26,kWh,$0.22 
3/10/2017,8:00,8:59,0.15,kWh,$0.03 
3/10/2017,9:00,9:59,0.93,kWh,$0.16 
3/10/2017,10:00,10:59,0.06,kWh,$0.01 
3/10/2017,11:00,11:59,0.05,kWh,$0.01 
3/10/2017,12:00,12:59,0.06,kWh,$0.01 
3/10/2017,13:00,13:59,0.06,kWh,$0.01 
3/10/2017,14:00,14:59,0.51,kWh,$0.09 
3/10/2017,15:00,15:59,0.06,kWh,$0.01 
3/10/2017,16:00,16:59,0.07,kWh,$0.01 
3/10/2017,17:00,17:59,1.94,kWh,$0.36 
3/10/2017,18:00,18:59,2.81,kWh,$0.53 
3/10/2017,19:00,19:59,3.37,kWh,$0.63 
3/10/2017,20:00,20:59,0.97,kWh,$0.17 
3/10/2017,21:00,21:59,0.09,kWh,$0.02 
3/10/2017,22:00,22:59,0.11,kWh,$0.02 
3/10/2017,23:00,23:59,1.19,kWh,$0.21 
3/11/2017,0:00,0:59,2.25,kWh,$0.39 
3/11/2017,1:00,1:59,0.86,kWh,$0.15 
3/11/2017,2:00,2:59,1.89,kWh,$0.33 
3/11/2017,3:00,3:59,0.32,kWh,$0.05 
3/11/2017,4:00,4:59,0.07,kWh,$0.01 
3/11/2017,5:00,5:59,0.05,kWh,$0.01 
3/11/2017,6:00,6:59,0.07,kWh,$0.01 
3/11/2017,7:00,7:59,0.18,kWh,$0.03 
3/11/2017,8:00,8:59,1.92,kWh,$0.33 
3/11/2017,9:00,9:59,1.29,kWh,$0.22 
3/11/2017,10:00,10:59,2.29,kWh,$0.40 
3/11/2017,11:00,11:59,3.34,kWh,$0.58 
3/11/2017,12:00,12:59,2.51,kWh,$0.43 
3/11/2017,13:00,13:59,0.22,kWh,$0.04 
3/11/2017,14:00,14:59,0.09,kWh,$0.02 
3/11/2017,15:00,15:59,0.07,kWh,$0.01 
3/11/2017,16:00,16:59,0.07,kWh,$0.01 
3/11/2017,17:00,17:59,0.6,kWh,$0.10 
3/11/2017,18:00,18:59,0.12,kWh,$0.02 
3/11/2017,19:00,19:59,0.09,kWh,$0.02 
3/11/2017,20:00,20:59,1.14,kWh,$0.20 
3/11/2017,21:00,21:59,0.6,kWh,$0.10 
3/11/2017,22:00,22:59,0.62,kWh,$0.11 
3/11/2017,23:00,23:59,0.12,kWh,$0.02 
3/12/2017,0:00,0:59,0.13,kWh,$0.02 
3/12/2017,1:00,1:59,0.8,kWh,$0.14 
3/12/2017,3:00,3:59,0.12,kWh,$0.02 
3/12/2017,4:00,4:59,0.06,kWh,$0.01 
3/12/2017,5:00,5:59,0.46,kWh,$0.08 
3/12/2017,6:00,6:59,0.06,kWh,$0.01 
3/12/2017,7:00,7:59,0.06,kWh,$0.01 
3/12/2017,8:00,8:59,0.08,kWh,$0.01 
3/12/2017,9:00,9:59,0.56,kWh,$0.10 
3/12/2017,10:00,10:59,1.87,kWh,$0.32 
3/12/2017,11:00,11:59,2.37,kWh,$0.41 
3/12/2017,12:00,12:59,1.76,kWh,$0.30 
3/12/2017,13:00,13:59,1.99,kWh,$0.34 
3/12/2017,14:00,14:59,2.04,kWh,$0.35 
3/12/2017,15:00,15:59,2.48,kWh,$0.43 
3/12/2017,16:00,16:59,2.78,kWh,$0.48 
3/12/2017,17:00,17:59,3.66,kWh,$0.63 
3/12/2017,18:00,18:59,3.84,kWh,$0.66 
3/12/2017,19:00,19:59,0.96,kWh,$0.17 
3/12/2017,20:00,20:59,0.67,kWh,$0.12 
3/12/2017,21:00,21:59,1.32,kWh,$0.23 
3/12/2017,22:00,22:59,3.28,kWh,$0.57 
3/12/2017,23:00,23:59,2.18,kWh,$0.38 
3/13/2017,0:00,0:59,0.75,kWh,$0.13 
3/13/2017,1:00,1:59,0.13,kWh,$0.02 
3/13/2017,2:00,2:59,0.11,kWh,$0.02 
3/13/2017,3:00,3:59,0.1,kWh,$0.02 
3/13/2017,4:00,4:59,1.24,kWh,$0.21 
3/13/2017,5:00,5:59,0.37,kWh,$0.06 
3/13/2017,6:00,6:59,0.06,kWh,$0.01 
3/13/2017,7:00,7:59,0.06,kWh,$0.01 
3/13/2017,8:00,8:59,0.44,kWh,$0.08 
3/13/2017,9:00,9:59,0.64,kWh,$0.11 
3/13/2017,10:00,10:59,0.1,kWh,$0.02 
3/13/2017,11:00,11:59,0.09,kWh,$0.02 
3/13/2017,12:00,12:59,0.48,kWh,$0.08 
3/13/2017,13:00,13:59,0.14,kWh,$0.02 
3/13/2017,14:00,14:59,0.07,kWh,$0.01 
3/13/2017,15:00,15:59,0.79,kWh,$0.15 
3/13/2017,16:00,16:59,0.07,kWh,$0.01 
3/13/2017,17:00,17:59,0.06,kWh,$0.01 
3/13/2017,18:00,18:59,0.07,kWh,$0.01 
3/13/2017,19:00,19:59,0.07,kWh,$0.01 
3/13/2017,20:00,20:59,0.37,kWh,$0.06 
3/13/2017,21:00,21:59,0.62,kWh,$0.11 
3/13/2017,22:00,22:59,0.36,kWh,$0.06 
3/13/2017,23:00,23:59,0.93,kWh,$0.16 
3/14/2017,0:00,0:59,2.97,kWh,$0.51 
3/14/2017,1:00,1:59,0.11,kWh,$0.02 
3/14/2017,2:00,2:59,0.07,kWh,$0.01 
3/14/2017,3:00,3:59,0.07,kWh,$0.01 
3/14/2017,4:00,4:59,0.07,kWh,$0.01 
3/14/2017,5:00,5:59,0.59,kWh,$0.10 
3/14/2017,6:00,6:59,0.15,kWh,$0.03 
3/14/2017,7:00,7:59,0.55,kWh,$0.10 
3/14/2017,8:00,8:59,0.17,kWh,$0.03 
3/14/2017,9:00,9:59,1.35,kWh,$0.23 
3/14/2017,10:00,10:59,1.46,kWh,$0.25 
3/14/2017,11:00,11:59,0.05,kWh,$0.01 
3/14/2017,12:00,12:59,0.07,kWh,$0.01 
3/14/2017,13:00,13:59,0.07,kWh,$0.01 
3/14/2017,14:00,14:59,0.06,kWh,$0.01 
3/14/2017,15:00,15:59,0.53,kWh,$0.10 
3/14/2017,16:00,16:59,0.08,kWh,$0.01 
3/14/2017,17:00,17:59,0.08,kWh,$0.01 
3/14/2017,18:00,18:59,0.08,kWh,$0.01 
3/14/2017,19:00,19:59,0.14,kWh,$0.03 
3/14/2017,20:00,20:59,0.28,kWh,$0.05 
3/14/2017,21:00,21:59,2.67,kWh,$0.46 
3/14/2017,22:00,22:59,0.36,kWh,$0.06 
3/14/2017,23:00,23:59,1.63,kWh,$0.28 
3/15/2017,0:00,0:59,2.6,kWh,$0.45 
3/15/2017,1:00,1:59,1.36,kWh,$0.23 
3/15/2017,2:00,2:59,0.11,kWh,$0.02 
3/15/2017,3:00,3:59,0.07,kWh,$0.01 
3/15/2017,4:00,4:59,0.07,kWh,$0.01 
3/15/2017,5:00,5:59,0.07,kWh,$0.01 
3/15/2017,6:00,6:59,0.07,kWh,$0.01 
3/15/2017,7:00,7:59,0.5,kWh,$0.09 
3/15/2017,8:00,8:59,0.75,kWh,$0.13 
3/15/2017,9:00,9:59,3.05,kWh,$0.53 
3/15/2017,10:00,10:59,0.08,kWh,$0.01 
3/15/2017,11:00,11:59,0.06,kWh,$0.01 
3/15/2017,12:00,12:59,0.56,kWh,$0.10 
3/15/2017,13:00,13:59,0.08,kWh,$0.01 
3/15/2017,14:00,14:59,0.07,kWh,$0.01 
3/15/2017,15:00,15:59,0.08,kWh,$0.01 
3/15/2017,16:00,16:59,0.08,kWh,$0.01 
3/15/2017,17:00,17:59,0.08,kWh,$0.01 
3/15/2017,18:00,18:59,0.07,kWh,$0.01 
3/15/2017,19:00,19:59,1.99,kWh,$0.37 
3/15/2017,20:00,20:59,0.45,kWh,$0.08 
3/15/2017,21:00,21:59,0.2,kWh,$0.03 
3/15/2017,22:00,22:59,0.67,kWh,$0.12 
3/15/2017,23:00,23:59,0.76,kWh,$0.13 
3/16/2017,0:00,0:59,3.05,kWh,$0.53 
3/16/2017,1:00,1:59,1.9,kWh,$0.33 
3/16/2017,2:00,2:59,0.17,kWh,$0.03 
3/16/2017,3:00,3:59,0.07,kWh,$0.01 
3/16/2017,4:00,4:59,0.04,kWh,$0.01 
3/16/2017,5:00,5:59,0.17,kWh,$0.03 
3/16/2017,6:00,6:59,0.06,kWh,$0.01 
3/16/2017,7:00,7:59,0.49,kWh,$0.08 
3/16/2017,8:00,8:59,0.07,kWh,$0.01 
3/16/2017,9:00,9:59,3.15,kWh,$0.54 
3/16/2017,10:00,10:59,0.05,kWh,$0.01 
3/16/2017,11:00,11:59,0.06,kWh,$0.01 
3/16/2017,12:00,12:59,0.08,kWh,$0.01 
3/16/2017,13:00,13:59,0.58,kWh,$0.10 
3/16/2017,14:00,14:59,0.05,kWh,$0.01 
3/16/2017,15:00,15:59,0.06,kWh,$0.01 
3/16/2017,16:00,16:59,0.08,kWh,$0.01 
3/16/2017,17:00,17:59,0.08,kWh,$0.01 
3/16/2017,18:00,18:59,0.05,kWh,$0.01 
3/16/2017,19:00,19:59,0.07,kWh,$0.01 
3/16/2017,20:00,20:59,1.73,kWh,$0.30 
3/16/2017,21:00,21:59,0.51,kWh,$0.09 
3/16/2017,22:00,22:59,0.97,kWh,$0.17 
3/16/2017,23:00,23:59,0.71,kWh,$0.12 
3/17/2017,0:00,0:59,2.06,kWh,$0.36 
3/17/2017,1:00,1:59,1.25,kWh,$0.22 
3/17/2017,2:00,2:59,0.19,kWh,$0.03 
3/17/2017,3:00,3:59,0.08,kWh,$0.01 
3/17/2017,4:00,4:59,0.06,kWh,$0.01 
3/17/2017,5:00,5:59,0.47,kWh,$0.08 
3/17/2017,6:00,6:59,0.08,kWh,$0.01 
3/17/2017,7:00,7:59,0.05,kWh,$0.01 
3/17/2017,8:00,8:59,0.07,kWh,$0.01 
3/17/2017,9:00,9:59,1.35,kWh,$0.23 
3/17/2017,10:00,10:59,1.09,kWh,$0.19 
3/17/2017,11:00,11:59,0.07,kWh,$0.01 
3/17/2017,12:00,12:59,0.07,kWh,$0.01 
3/17/2017,13:00,13:59,0.06,kWh,$0.01 
3/17/2017,14:00,14:59,0.06,kWh,$0.01 
3/17/2017,15:00,15:59,0.07,kWh,$0.01 
3/17/2017,16:00,16:59,0.51,kWh,$0.09 
3/17/2017,17:00,17:59,0.07,kWh,$0.01 
3/17/2017,18:00,18:59,0.12,kWh,$0.02 
3/17/2017,19:00,19:59,0.13,kWh,$0.02 
3/17/2017,20:00,20:59,1.91,kWh,$0.33 
3/17/2017,21:00,21:59,0.2,kWh,$0.04 
3/17/2017,22:00,22:59,0.17,kWh,$0.03 
3/17/2017,23:00,23:59,1.02,kWh,$0.18 
3/18/2017,0:00,0:59,1.9,kWh,$0.33 
3/18/2017,1:00,1:59,1.72,kWh,$0.30 
3/18/2017,2:00,2:59,0.23,kWh,$0.04 
3/18/2017,3:00,3:59,0.04,kWh,$0.01 
3/18/2017,4:00,4:59,0.07,kWh,$0.01 
3/18/2017,5:00,5:59,0.07,kWh,$0.01 
3/18/2017,6:00,6:59,0.05,kWh,$0.01 
3/18/2017,7:00,7:59,0.06,kWh,$0.01 
3/18/2017,8:00,8:59,5.58,kWh,$0.96 
3/18/2017,9:00,9:59,3.33,kWh,$0.58 
3/18/2017,10:00,10:59,0.05,kWh,$0.01 
3/18/2017,11:00,11:59,0.07,kWh,$0.01 
3/18/2017,12:00,12:59,0.07,kWh,$0.01 
3/18/2017,13:00,13:59,0.53,kWh,$0.09 
3/18/2017,14:00,14:59,0.16,kWh,$0.03 
3/18/2017,15:00,15:59,0.06,kWh,$0.01 
3/18/2017,16:00,16:59,0.07,kWh,$0.01 
3/18/2017,17:00,17:59,0.07,kWh,$0.01 
3/18/2017,18:00,18:59,0.07,kWh,$0.01 
3/18/2017,19:00,19:59,0.06,kWh,$0.01 
3/18/2017,20:00,20:59,0.58,kWh,$0.10 
3/18/2017,21:00,21:59,0.49,kWh,$0.08 
3/18/2017,22:00,22:59,3.62,kWh,$0.62 
3/18/2017,23:00,23:59,0.25,kWh,$0.04 
3/19/2017,0:00,0:59,0.21,kWh,$0.04 
3/19/2017,1:00,1:59,0.11,kWh,$0.02 
3/19/2017,2:00,2:59,0.09,kWh,$0.01 
3/19/2017,3:00,3:59,0.59,kWh,$0.10 
3/19/2017,4:00,4:59,0.07,kWh,$0.01 
3/19/2017,5:00,5:59,0.05,kWh,$0.01 
3/19/2017,6:00,6:59,0.06,kWh,$0.01 
3/19/2017,7:00,7:59,0.07,kWh,$0.01 
3/19/2017,8:00,8:59,0.07,kWh,$0.01 
3/19/2017,9:00,9:59,0.07,kWh,$0.01 
3/19/2017,10:00,10:59,2.35,kWh,$0.41 
3/19/2017,11:00,11:59,0.59,kWh,$0.10 
3/19/2017,12:00,12:59,1.28,kWh,$0.22 
3/19/2017,13:00,13:59,1.3,kWh,$0.22 
3/19/2017,14:00,14:59,1.41,kWh,$0.24 
3/19/2017,15:00,15:59,2.03,kWh,$0.35 
3/19/2017,16:00,16:59,2.84,kWh,$0.49 
3/19/2017,17:00,17:59,1.67,kWh,$0.29 
3/19/2017,18:00,18:59,1.04,kWh,$0.18 
3/19/2017,19:00,19:59,0.81,kWh,$0.14 
3/19/2017,20:00,20:59,0.8,kWh,$0.14 
3/19/2017,21:00,21:59,0.12,kWh,$0.02 
3/19/2017,22:00,22:59,0.17,kWh,$0.03 
3/19/2017,23:00,23:59,1.79,kWh,$0.31 
3/20/2017,0:00,0:59,0.66,kWh,$0.11 
3/20/2017,1:00,1:59,0.08,kWh,$0.01 
3/20/2017,2:00,2:59,0.07,kWh,$0.01 
3/20/2017,3:00,3:59,0.06,kWh,$0.01 
3/20/2017,4:00,4:59,0.06,kWh,$0.01 
3/20/2017,5:00,5:59,0.06,kWh,$0.01 
3/20/2017,6:00,6:59,0.06,kWh,$0.01 
3/20/2017,7:00,7:59,0.51,kWh,$0.09 
3/20/2017,8:00,8:59,1.25,kWh,$0.22 
3/20/2017,9:00,9:59,1.14,kWh,$0.20 
3/20/2017,10:00,10:59,0.63,kWh,$0.11 
3/20/2017,11:00,11:59,0.11,kWh,$0.02 
3/20/2017,12:00,12:59,0.08,kWh,$0.01 
3/20/2017,13:00,13:59,0.1,kWh,$0.02 
3/20/2017,14:00,14:59,0.47,kWh,$0.08 
3/20/2017,15:00,15:59,0.07,kWh,$0.01 
3/20/2017,16:00,16:59,0.19,kWh,$0.04 
3/20/2017,17:00,17:59,0.12,kWh,$0.02 
3/20/2017,18:00,18:59,0.12,kWh,$0.02 
3/20/2017,19:00,19:59,0.25,kWh,$0.05 
3/20/2017,20:00,20:59,1.22,kWh,$0.21 
3/20/2017,21:00,21:59,0.57,kWh,$0.10 
3/20/2017,22:00,22:59,0.75,kWh,$0.13 
3/20/2017,23:00,23:59,1.36,kWh,$0.23 
3/21/2017,0:00,0:59,2.2,kWh,$0.38 
3/21/2017,1:00,1:59,1.27,kWh,$0.22 
3/21/2017,2:00,2:59,0.18,kWh,$0.03 
3/21/2017,3:00,3:59,0.08,kWh,$0.01 
3/21/2017,4:00,4:59,0.06,kWh,$0.01 
3/21/2017,5:00,5:59,0.06,kWh,$0.01 
3/21/2017,6:00,6:59,0.07,kWh,$0.01 
3/21/2017,7:00,7:59,0.69,kWh,$0.12 
3/21/2017,8:00,8:59,0.81,kWh,$0.14 
3/21/2017,9:00,9:59,2.34,kWh,$0.40 
3/21/2017,10:00,10:59,0.08,kWh,$0.01 
3/21/2017,11:00,11:59,0.51,kWh,$0.09 
3/21/2017,12:00,12:59,0.07,kWh,$0.01 
3/21/2017,13:00,13:59,0.06,kWh,$0.01 
3/21/2017,14:00,14:59,0.07,kWh,$0.01 
3/21/2017,15:00,15:59,0.07,kWh,$0.01 
3/21/2017,16:00,16:59,0.06,kWh,$0.01 
3/21/2017,17:00,17:59,0.07,kWh,$0.01 
3/21/2017,18:00,18:59,0.55,kWh,$0.10 
3/21/2017,19:00,19:59,2.15,kWh,$0.40 
3/21/2017,20:00,20:59,0.64,kWh,$0.11 
3/21/2017,21:00,21:59,0.21,kWh,$0.04 
3/21/2017,22:00,22:59,0.68,kWh,$0.12 
3/21/2017,23:00,23:59,2.26,kWh,$0.39 
3/22/2017,0:00,0:59,1.29,kWh,$0.22 
3/22/2017,1:00,1:59,0.32,kWh,$0.05 
3/22/2017,2:00,2:59,0.12,kWh,$0.02 
3/22/2017,3:00,3:59,0.07,kWh,$0.01 
3/22/2017,4:00,4:59,0.07,kWh,$0.01 
3/22/2017,5:00,5:59,0.47,kWh,$0.08 
3/22/2017,6:00,6:59,0.07,kWh,$0.01 
3/22/2017,7:00,7:59,0.08,kWh,$0.01 
3/22/2017,8:00,8:59,0.55,kWh,$0.10 
3/22/2017,9:00,9:59,1.59,kWh,$0.27 
3/22/2017,10:00,10:59,0.05,kWh,$0.01 
3/22/2017,11:00,11:59,0.06,kWh,$0.01 
3/22/2017,12:00,12:59,0.06,kWh,$0.01 
3/22/2017,13:00,13:59,0.06,kWh,$0.01 
3/22/2017,14:00,14:59,0.52,kWh,$0.09 
3/22/2017,15:00,15:59,0.05,kWh,$0.01 
3/22/2017,16:00,16:59,0.07,kWh,$0.01 
3/22/2017,17:00,17:59,0.06,kWh,$0.01 
3/22/2017,18:00,18:59,0.06,kWh,$0.01 
3/22/2017,19:00,19:59,2.11,kWh,$0.40 
3/22/2017,20:00,20:59,0.87,kWh,$0.15 
3/22/2017,21:00,21:59,0.25,kWh,$0.04 
3/22/2017,22:00,22:59,1.07,kWh,$0.18 
3/22/2017,23:00,23:59,1.97,kWh,$0.34 
3/23/2017,0:00,0:59,1,kWh,$0.17 
3/23/2017,1:00,1:59,0.58,kWh,$0.10 
3/23/2017,2:00,2:59,0.07,kWh,$0.01 
3/23/2017,3:00,3:59,0.04,kWh,$0.01 
3/23/2017,4:00,4:59,0.07,kWh,$0.01 
3/23/2017,5:00,5:59,0.05,kWh,$0.01 
3/23/2017,6:00,6:59,0.06,kWh,$0.01 
3/23/2017,7:00,7:59,0.07,kWh,$0.01 
3/23/2017,8:00,8:59,0.81,kWh,$0.14 
3/23/2017,9:00,9:59,5.56,kWh,$0.96 
3/23/2017,10:00,10:59,1.28,kWh,$0.22 
3/23/2017,11:00,11:59,0.07,kWh,$0.01 
3/23/2017,12:00,12:59,0.06,kWh,$0.01 
3/23/2017,13:00,13:59,0.06,kWh,$0.01 
3/23/2017,14:00,14:59,0.06,kWh,$0.01 
3/23/2017,15:00,15:59,0.5,kWh,$0.09 
3/23/2017,16:00,16:59,0.07,kWh,$0.01 
3/23/2017,17:00,17:59,0.07,kWh,$0.01 
3/23/2017,18:00,18:59,0.07,kWh,$0.01 
3/23/2017,19:00,19:59,1.58,kWh,$0.29 
3/23/2017,20:00,20:59,1.58,kWh,$0.27 
3/23/2017,21:00,21:59,1.37,kWh,$0.24 
3/23/2017,22:00,22:59,1.13,kWh,$0.20 
3/23/2017,23:00,23:59,2.07,kWh,$0.36 
3/24/2017,0:00,0:59,1.82,kWh,$0.31 
3/24/2017,1:00,1:59,3.9,kWh,$0.67 
3/24/2017,2:00,2:59,1.93,kWh,$0.33 
3/24/2017,3:00,3:59,0.17,kWh,$0.03 
3/24/2017,4:00,4:59,0.08,kWh,$0.01 
3/24/2017,5:00,5:59,0.07,kWh,$0.01 
3/24/2017,6:00,6:59,0.08,kWh,$0.01 
3/24/2017,7:00,7:59,0.08,kWh,$0.01 
3/24/2017,8:00,8:59,0.49,kWh,$0.08 
3/24/2017,9:00,9:59,4.97,kWh,$0.86 
3/24/2017,10:00,10:59,0.43,kWh,$0.07 
3/24/2017,11:00,11:59,0.04,kWh,$0.01 
3/24/2017,12:00,12:59,0.08,kWh,$0.01 
3/24/2017,13:00,13:59,0.05,kWh,$0.01 
3/24/2017,14:00,14:59,0.04,kWh,$0.01 
3/24/2017,15:00,15:59,0.08,kWh,$0.02 
3/24/2017,16:00,16:59,0.84,kWh,$0.16 
3/24/2017,17:00,17:59,2.61,kWh,$0.49 
3/24/2017,18:00,18:59,2.16,kWh,$0.40 
3/24/2017,19:00,19:59,1.56,kWh,$0.29 
3/24/2017,20:00,20:59,1.29,kWh,$0.22 
3/24/2017,21:00,21:59,1.6,kWh,$0.28 
3/24/2017,22:00,22:59,0.88,kWh,$0.15 
3/24/2017,23:00,23:59,1.85,kWh,$0.32 
3/25/2017,0:00,0:59,1.78,kWh,$0.31 
3/25/2017,1:00,1:59,2.48,kWh,$0.43 
3/25/2017,2:00,2:59,1.61,kWh,$0.28 
3/25/2017,3:00,3:59,0.04,kWh,$0.01 
3/25/2017,4:00,4:59,0.11,kWh,$0.02 
3/25/2017,5:00,5:59,0.04,kWh,$0.01 
3/25/2017,6:00,6:59,0.04,kWh,$0.01 
3/25/2017,7:00,7:59,0.18,kWh,$0.03 
3/25/2017,8:00,8:59,0.09,kWh,$0.02 
3/25/2017,9:00,9:59,0.48,kWh,$0.08 
3/25/2017,10:00,10:59,0.05,kWh,$0.01 
3/25/2017,11:00,11:59,1.14,kWh,$0.20 
3/25/2017,12:00,12:59,0.32,kWh,$0.06 
3/25/2017,13:00,13:59,0.69,kWh,$0.12 
3/25/2017,14:00,14:59,0.23,kWh,$0.04 
3/25/2017,15:00,15:59,4.03,kWh,$0.70 
3/25/2017,16:00,16:59,1.75,kWh,$0.30 
3/25/2017,17:00,17:59,1.27,kWh,$0.22 
3/25/2017,18:00,18:59,0.28,kWh,$0.05 
3/25/2017,19:00,19:59,0.34,kWh,$0.06 
3/25/2017,20:00,20:59,1.55,kWh,$0.27 
3/25/2017,21:00,21:59,1.05,kWh,$0.18 
3/25/2017,22:00,22:59,1.14,kWh,$0.20 
3/25/2017,23:00,23:59,2.83,kWh,$0.49 
3/26/2017,0:00,0:59,0.79,kWh,$0.14 
3/26/2017,1:00,1:59,0.17,kWh,$0.03 
3/26/2017,2:00,2:59,0.08,kWh,$0.01 
3/26/2017,3:00,3:59,0.85,kWh,$0.15 
3/26/2017,4:00,4:59,0.1,kWh,$0.02 
3/26/2017,5:00,5:59,0.09,kWh,$0.01 
3/26/2017,6:00,6:59,0.07,kWh,$0.01 
3/26/2017,7:00,7:59,0.06,kWh,$0.01 
3/26/2017,8:00,8:59,0.06,kWh,$0.01 
3/26/2017,9:00,9:59,0.06,kWh,$0.01 
3/26/2017,10:00,10:59,0.48,kWh,$0.08 
3/26/2017,11:00,11:59,0.08,kWh,$0.01 
3/26/2017,12:00,12:59,2.23,kWh,$0.38 
3/26/2017,13:00,13:59,0.07,kWh,$0.01 
3/26/2017,14:00,14:59,0.06,kWh,$0.01 
3/26/2017,15:00,15:59,0.06,kWh,$0.01 
3/26/2017,16:00,16:59,0.06,kWh,$0.01 
3/26/2017,17:00,17:59,0.59,kWh,$0.10 
3/26/2017,18:00,18:59,1.15,kWh,$0.20 
3/26/2017,19:00,19:59,0.23,kWh,$0.04 
3/26/2017,20:00,20:59,2.67,kWh,$0.46 
3/26/2017,21:00,21:59,0.3,kWh,$0.05 
3/26/2017,22:00,22:59,1.17,kWh,$0.20 
3/26/2017,23:00,23:59,0.28,kWh,$0.05 
3/27/2017,0:00,0:59,0.33,kWh,$0.06 
3/27/2017,1:00,1:59,0.27,kWh,$0.05 
3/27/2017,2:00,2:59,0.08,kWh,$0.01 
3/27/2017,3:00,3:59,0.06,kWh,$0.01 
3/27/2017,4:00,4:59,0.06,kWh,$0.01 
3/27/2017,5:00,5:59,0.51,kWh,$0.09 
3/27/2017,6:00,6:59,0.06,kWh,$0.01 
3/27/2017,7:00,7:59,0.06,kWh,$0.01 
3/27/2017,8:00,8:59,0.06,kWh,$0.01 
3/27/2017,9:00,9:59,1.6,kWh,$0.28 
3/27/2017,10:00,10:59,0.08,kWh,$0.01 
3/27/2017,11:00,11:59,0.06,kWh,$0.01 
3/27/2017,12:00,12:59,0.06,kWh,$0.01 
3/27/2017,13:00,13:59,0.06,kWh,$0.01 
3/27/2017,14:00,14:59,0.55,kWh,$0.09 
3/27/2017,15:00,15:59,0.13,kWh,$0.02 
3/27/2017,16:00,16:59,0.07,kWh,$0.01 
3/27/2017,17:00,17:59,0.07,kWh,$0.01 
3/27/2017,18:00,18:59,0.07,kWh,$0.01 
3/27/2017,19:00,19:59,0.44,kWh,$0.08 
3/27/2017,20:00,20:59,2.07,kWh,$0.36 
3/27/2017,21:00,21:59,2.45,kWh,$0.42 
3/27/2017,22:00,22:59,0.28,kWh,$0.05 
3/27/2017,23:00,23:59,1.72,kWh,$0.30 
3/28/2017,0:00,0:59,0.78,kWh,$0.14 
3/28/2017,1:00,1:59,0.29,kWh,$0.05 
3/28/2017,2:00,2:59,0.73,kWh,$0.13 
3/28/2017,3:00,3:59,0.06,kWh,$0.01 
3/28/2017,4:00,4:59,0.06,kWh,$0.01 
3/28/2017,5:00,5:59,0.06,kWh,$0.01 
3/28/2017,6:00,6:59,0.07,kWh,$0.01 
3/28/2017,7:00,7:59,0.04,kWh,$0.01 
3/28/2017,8:00,8:59,1.29,kWh,$0.22 
3/28/2017,9:00,9:59,1.66,kWh,$0.29 
3/28/2017,10:00,10:59,0.55,kWh,$0.09 
3/28/2017,11:00,11:59,0.05,kWh,$0.01 
3/28/2017,12:00,12:59,0.06,kWh,$0.01 
3/28/2017,13:00,13:59,0.06,kWh,$0.01 
3/28/2017,14:00,14:59,0.06,kWh,$0.01 
3/28/2017,15:00,15:59,0.06,kWh,$0.01 
3/28/2017,16:00,16:59,0.47,kWh,$0.09 
3/28/2017,17:00,17:59,0.07,kWh,$0.01 
3/28/2017,18:00,18:59,0.86,kWh,$0.16 
3/28/2017,19:00,19:59,1.21,kWh,$0.23 
3/28/2017,20:00,20:59,0.25,kWh,$0.04 
3/28/2017,21:00,21:59,0.24,kWh,$0.04 
3/28/2017,22:00,22:59,1.54,kWh,$0.27 
3/28/2017,23:00,23:59,0.28,kWh,$0.05 
3/29/2017,0:00,0:59,0.41,kWh,$0.07 
3/29/2017,1:00,1:59,2.37,kWh,$0.41 
3/29/2017,2:00,2:59,1.02,kWh,$0.18 
3/29/2017,3:00,3:59,0.57,kWh,$0.10 
3/29/2017,4:00,4:59,0.08,kWh,$0.01 
3/29/2017,5:00,5:59,0.06,kWh,$0.01 
3/29/2017,6:00,6:59,0.07,kWh,$0.01 
3/29/2017,7:00,7:59,0.07,kWh,$0.01 
3/29/2017,8:00,8:59,0.07,kWh,$0.01 
3/29/2017,9:00,9:59,2.45,kWh,$0.42 
3/29/2017,10:00,10:59,0.19,kWh,$0.03 
3/29/2017,11:00,11:59,0.07,kWh,$0.01 
3/29/2017,12:00,12:59,0.07,kWh,$0.01 
3/29/2017,13:00,13:59,0.07,kWh,$0.01 
3/29/2017,14:00,14:59,0.07,kWh,$0.01 
3/29/2017,15:00,15:59,0.56,kWh,$0.11 
3/29/2017,16:00,16:59,0.07,kWh,$0.01 
3/29/2017,17:00,17:59,0.08,kWh,$0.01 
3/29/2017,18:00,18:59,0.07,kWh,$0.01 
3/29/2017,19:00,19:59,1.63,kWh,$0.30 
3/29/2017,20:00,20:59,0.82,kWh,$0.14 
3/29/2017,21:00,21:59,0.3,kWh,$0.05 
3/29/2017,22:00,22:59,1.07,kWh,$0.18 
3/29/2017,23:00,23:59,1,kWh,$0.17 
3/30/2017,0:00,0:59,0.33,kWh,$0.06 
3/30/2017,1:00,1:59,2.62,kWh,$0.45 
3/30/2017,2:00,2:59,2.36,kWh,$0.41 
3/30/2017,3:00,3:59,0.26,kWh,$0.05 
3/30/2017,4:00,4:59,0.08,kWh,$0.01 
3/30/2017,5:00,5:59,0.08,kWh,$0.01 
3/30/2017,6:00,6:59,0.08,kWh,$0.01 
3/30/2017,7:00,7:59,0.08,kWh,$0.01 
3/30/2017,8:00,8:59,0.56,kWh,$0.10 
3/30/2017,9:00,9:59,1.95,kWh,$0.34 
3/30/2017,10:00,10:59,0.11,kWh,$0.02 
3/30/2017,11:00,11:59,0.09,kWh,$0.02 
3/30/2017,12:00,12:59,0.08,kWh,$0.01 
3/30/2017,13:00,13:59,0.08,kWh,$0.01 
3/30/2017,14:00,14:59,0.57,kWh,$0.10 
3/30/2017,15:00,15:59,0.08,kWh,$0.02 
3/30/2017,16:00,16:59,0.08,kWh,$0.02 
3/30/2017,17:00,17:59,0.08,kWh,$0.01 
3/30/2017,18:00,18:59,0.08,kWh,$0.01 
3/30/2017,19:00,19:59,0.33,kWh,$0.06 
3/30/2017,20:00,20:59,2.47,kWh,$0.43 
3/30/2017,21:00,21:59,0.29,kWh,$0.05 
3/30/2017,22:00,22:59,1.3,kWh,$0.22 
3/30/2017,23:00,23:59,1.37,kWh,$0.24 
3/31/2017,0:00,0:59,2.46,kWh,$0.43 
3/31/2017,1:00,1:59,1.81,kWh,$0.31 
3/31/2017,2:00,2:59,0.24,kWh,$0.04 
3/31/2017,3:00,3:59,0.07,kWh,$0.01 
3/31/2017,4:00,4:59,0.08,kWh,$0.01 
3/31/2017,5:00,5:59,0.1,kWh,$0.02 
3/31/2017,6:00,6:59,0.08,kWh,$0.01 
3/31/2017,7:00,7:59,0.08,kWh,$0.01 
3/31/2017,8:00,8:59,1.22,kWh,$0.21 
3/31/2017,9:00,9:59,0.89,kWh,$0.15 
3/31/2017,10:00,10:59,0.09,kWh,$0.02 
3/31/2017,11:00,11:59,0.15,kWh,$0.03 
3/31/2017,12:00,12:59,0.54,kWh,$0.09 
3/31/2017,13:00,13:59,0.1,kWh,$0.02 
3/31/2017,14:00,14:59,0.08,kWh,$0.01 
3/31/2017,15:00,15:59,0.14,kWh,$0.03 
3/31/2017,16:00,16:59,0.09,kWh,$0.02 
3/31/2017,17:00,17:59,0.18,kWh,$0.03 
3/31/2017,18:00,18:59,0.09,kWh,$0.02 
3/31/2017,19:00,19:59,1.59,kWh,$0.30 
3/31/2017,20:00,20:59,0.17,kWh,$0.03 
3/31/2017,21:00,21:59,0.2,kWh,$0.03 
3/31/2017,22:00,22:59,0.17,kWh,$0.03 
3/31/2017,23:00,23:59,0.27,kWh,$0.05 
4/1/2017,0:00,0:59,0.41,kWh,$0.07 
4/1/2017,1:00,1:59,0.09,kWh,$0.01 
4/1/2017,2:00,2:59,0.08,kWh,$0.01 
4/1/2017,3:00,3:59,0.09,kWh,$0.02 
4/1/2017,4:00,4:59,0.08,kWh,$0.01 
4/1/2017,5:00,5:59,0.08,kWh,$0.01 
4/1/2017,6:00,6:59,0.08,kWh,$0.01 
4/1/2017,7:00,7:59,0.08,kWh,$0.01 
4/1/2017,8:00,8:59,0.07,kWh,$0.01 
4/1/2017,9:00,9:59,0.07,kWh,$0.01 
4/1/2017,10:00,10:59,0.12,kWh,$0.02 
4/1/2017,11:00,11:59,1.59,kWh,$0.27 
4/1/2017,12:00,12:59,1.2,kWh,$0.21 
4/1/2017,13:00,13:59,2.25,kWh,$0.39 
4/1/2017,14:00,14:59,0.09,kWh,$0.02 
4/1/2017,15:00,15:59,0.09,kWh,$0.02 
4/1/2017,16:00,16:59,0.31,kWh,$0.05 
4/1/2017,17:00,17:59,0.38,kWh,$0.07 
4/1/2017,18:00,18:59,0.15,kWh,$0.03 
4/1/2017,19:00,19:59,0.19,kWh,$0.03 
4/1/2017,20:00,20:59,0.64,kWh,$0.11 
4/1/2017,21:00,21:59,1.38,kWh,$0.24 
4/1/2017,22:00,22:59,1.47,kWh,$0.25 
4/1/2017,23:00,23:59,0.83,kWh,$0.14 
4/2/2017,0:00,0:59,3.86,kWh,$0.67 
4/2/2017,1:00,1:59,1.39,kWh,$0.24 
4/2/2017,2:00,2:59,0.14,kWh,$0.02 
4/2/2017,3:00,3:59,0.09,kWh,$0.01 
4/2/2017,4:00,4:59,0.09,kWh,$0.01 
4/2/2017,5:00,5:59,0.08,kWh,$0.01 
4/2/2017,6:00,6:59,0.08,kWh,$0.01 
4/2/2017,7:00,7:59,0.27,kWh,$0.05 
4/2/2017,8:00,8:59,1.45,kWh,$0.25 
4/2/2017,9:00,9:59,0.07,kWh,$0.01 
4/2/2017,10:00,10:59,1.38,kWh,$0.24 
4/2/2017,11:00,11:59,2.44,kWh,$0.42 
4/2/2017,12:00,12:59,0.08,kWh,$0.01 
4/2/2017,13:00,13:59,0.08,kWh,$0.01 
4/2/2017,14:00,14:59,0.08,kWh,$0.01 
4/2/2017,15:00,15:59,0.08,kWh,$0.01 
4/2/2017,16:00,16:59,0.59,kWh,$0.10 
4/2/2017,17:00,17:59,0.07,kWh,$0.01 
4/2/2017,18:00,18:59,0.18,kWh,$0.03 
4/2/2017,19:00,19:59,0.17,kWh,$0.03 
4/2/2017,20:00,20:59,0.58,kWh,$0.10 
4/2/2017,21:00,21:59,1.65,kWh,$0.28 
4/2/2017,22:00,22:59,0.47,kWh,$0.08 
4/2/2017,23:00,23:59,0.8,kWh,$0.14 
4/3/2017,0:00,0:59,3.64,kWh,$0.63 
4/3/2017,1:00,1:59,1.13,kWh,$0.20 
4/3/2017,2:00,2:59,0.12,kWh,$0.02 
4/3/2017,3:00,3:59,0.11,kWh,$0.02 
4/3/2017,4:00,4:59,0.11,kWh,$0.02 
4/3/2017,5:00,5:59,0.12,kWh,$0.02 
4/3/2017,6:00,6:59,0.12,kWh,$0.02 
4/3/2017,7:00,7:59,0.54,kWh,$0.09 
4/3/2017,8:00,8:59,1.23,kWh,$0.21 
4/3/2017,9:00,9:59,2.02,kWh,$0.35 
4/3/2017,10:00,10:59,0.08,kWh,$0.01 
4/3/2017,11:00,11:59,0.08,kWh,$0.01 
4/3/2017,12:00,12:59,0.08,kWh,$0.01 
4/3/2017,13:00,13:59,0.55,kWh,$0.10 
4/3/2017,14:00,14:59,0.08,kWh,$0.01 
4/3/2017,15:00,15:59,0.08,kWh,$0.02 
4/3/2017,16:00,16:59,0.08,kWh,$0.02 
4/3/2017,17:00,17:59,0.08,kWh,$0.02 
4/3/2017,18:00,18:59,0.1,kWh,$0.02 
4/3/2017,19:00,19:59,0.98,kWh,$0.18 
4/3/2017,20:00,20:59,1.08,kWh,$0.19 
4/3/2017,21:00,21:59,0.32,kWh,$0.05 
4/3/2017,22:00,22:59,1.64,kWh,$0.28 
4/3/2017,23:00,23:59,1.43,kWh,$0.25 
4/4/2017,0:00,0:59,2.52,kWh,$0.43 
4/4/2017,1:00,1:59,1.24,kWh,$0.21 
4/4/2017,2:00,2:59,0.12,kWh,$0.02 
4/4/2017,3:00,3:59,0.12,kWh,$0.02 
4/4/2017,4:00,4:59,0.15,kWh,$0.03 
4/4/2017,5:00,5:59,0.51,kWh,$0.09 
4/4/2017,6:00,6:59,0.11,kWh,$0.02 
4/4/2017,7:00,7:59,0.99,kWh,$0.17 
4/4/2017,8:00,8:59,0.72,kWh,$0.12 
4/4/2017,9:00,9:59,0.18,kWh,$0.03 
4/4/2017,10:00,10:59,1.18,kWh,$0.20 
4/4/2017,11:00,11:59,0.07,kWh,$0.01 
4/4/2017,12:00,12:59,0.08,kWh,$0.01 
4/4/2017,13:00,13:59,0.08,kWh,$0.01 
4/4/2017,14:00,14:59,0.07,kWh,$0.01 
4/4/2017,15:00,15:59,0.09,kWh,$0.02 
4/4/2017,16:00,16:59,0.56,kWh,$0.10 
4/4/2017,17:00,17:59,0.07,kWh,$0.01 
4/4/2017,18:00,18:59,0.09,kWh,$0.02 
4/4/2017,19:00,19:59,2.52,kWh,$0.47 
4/4/2017,20:00,20:59,0.34,kWh,$0.06 
4/4/2017,21:00,21:59,0.32,kWh,$0.06 
4/4/2017,22:00,22:59,1.35,kWh,$0.23 
4/4/2017,23:00,23:59,1.49,kWh,$0.26 
4/5/2017,0:00,0:59,4.2,kWh,$0.73 
4/5/2017,1:00,1:59,0.91,kWh,$0.16 
4/5/2017,2:00,2:59,1.74,kWh,$0.30 
4/5/2017,3:00,3:59,0.28,kWh,$0.05 
4/5/2017,4:00,4:59,0.09,kWh,$0.02 
4/5/2017,5:00,5:59,0.07,kWh,$0.01 
4/5/2017,6:00,6:59,0.17,kWh,$0.03 
4/5/2017,7:00,7:59,0.07,kWh,$0.01 
4/5/2017,8:00,8:59,1.56,kWh,$0.27 
4/5/2017,9:00,9:59,1.74,kWh,$0.30 
4/5/2017,10:00,10:59,0.07,kWh,$0.01 
4/5/2017,11:00,11:59,0.08,kWh,$0.01 
4/5/2017,12:00,12:59,0.07,kWh,$0.01 
4/5/2017,13:00,13:59,0.09,kWh,$0.01 
4/5/2017,14:00,14:59,0.58,kWh,$0.10 
4/5/2017,15:00,15:59,0.08,kWh,$0.01 
4/5/2017,16:00,16:59,0.09,kWh,$0.02 
4/5/2017,17:00,17:59,0.07,kWh,$0.01 
4/5/2017,18:00,18:59,0.09,kWh,$0.02 
4/5/2017,19:00,19:59,0.2,kWh,$0.04 
4/5/2017,20:00,20:59,0.98,kWh,$0.17 
4/5/2017,21:00,21:59,1.6,kWh,$0.28 
4/5/2017,22:00,22:59,1.95,kWh,$0.34 
4/5/2017,23:00,23:59,0.88,kWh,$0.15 
4/6/2017,0:00,0:59,2.12,kWh,$0.37 
4/6/2017,1:00,1:59,1.21,kWh,$0.21 
4/6/2017,2:00,2:59,0.11,kWh,$0.02 
4/6/2017,3:00,3:59,0.48,kWh,$0.08 
4/6/2017,4:00,4:59,0.1,kWh,$0.02 
4/6/2017,5:00,5:59,0.08,kWh,$0.01 
4/6/2017,6:00,6:59,0.08,kWh,$0.01 
4/6/2017,7:00,7:59,0.09,kWh,$0.01 
4/6/2017,8:00,8:59,0.08,kWh,$0.01 
4/6/2017,9:00,9:59,0.64,kWh,$0.11 
4/6/2017,10:00,10:59,1.81,kWh,$0.31 
4/6/2017,11:00,11:59,0.27,kWh,$0.05 
4/6/2017,12:00,12:59,0.17,kWh,$0.03 
4/6/2017,13:00,13:59,0.1,kWh,$0.02 
4/6/2017,14:00,14:59,0.17,kWh,$0.03 
4/6/2017,15:00,15:59,0.65,kWh,$0.12 
4/6/2017,16:00,16:59,0.76,kWh,$0.14 
4/6/2017,17:00,17:59,0.17,kWh,$0.03 
4/6/2017,18:00,18:59,0.5,kWh,$0.09 
4/6/2017,19:00,19:59,0.37,kWh,$0.07 
4/6/2017,20:00,20:59,0.31,kWh,$0.05 
4/6/2017,21:00,21:59,1.51,kWh,$0.26 
4/6/2017,22:00,22:59,0.56,kWh,$0.10 
4/6/2017,23:00,23:59,0.97,kWh,$0.17 
4/7/2017,0:00,0:59,2.25,kWh,$0.39 
4/7/2017,1:00,1:59,1.17,kWh,$0.20 
4/7/2017,2:00,2:59,0.16,kWh,$0.03 
4/7/2017,3:00,3:59,0.07,kWh,$0.01 
4/7/2017,4:00,4:59,0.06,kWh,$0.01 
4/7/2017,5:00,5:59,0.06,kWh,$0.01 
4/7/2017,6:00,6:59,0.06,kWh,$0.01 
4/7/2017,7:00,7:59,1.12,kWh,$0.19 
4/7/2017,8:00,8:59,1.06,kWh,$0.18 
4/7/2017,9:00,9:59,3.88,kWh,$0.67 
4/7/2017,10:00,10:59,2.8,kWh,$0.48 
4/7/2017,11:00,11:59,1.05,kWh,$0.18 
4/7/2017,12:00,12:59,0.09,kWh,$0.02 
4/7/2017,13:00,13:59,1.01,kWh,$0.17 
4/7/2017,14:00,14:59,0.48,kWh,$0.08 
4/7/2017,15:00,15:59,0.16,kWh,$0.03 
4/7/2017,16:00,16:59,0.17,kWh,$0.03 
4/7/2017,17:00,17:59,0.72,kWh,$0.14 
4/7/2017,18:00,18:59,1.12,kWh,$0.21 
4/7/2017,19:00,19:59,0.23,kWh,$0.04 
4/7/2017,20:00,20:59,2.41,kWh,$0.42 
4/7/2017,21:00,21:59,0.72,kWh,$0.12 
4/7/2017,22:00,22:59,0.9,kWh,$0.15 
4/7/2017,23:00,23:59,1.22,kWh,$0.21 
4/8/2017,0:00,0:59,1.52,kWh,$0.26 
4/8/2017,1:00,1:59,3.04,kWh,$0.53 
4/8/2017,2:00,2:59,2.56,kWh,$0.44 
4/8/2017,3:00,3:59,0.16,kWh,$0.03 
4/8/2017,4:00,4:59,0.11,kWh,$0.02 
4/8/2017,5:00,5:59,0.09,kWh,$0.02 
4/8/2017,6:00,6:59,0.11,kWh,$0.02 
4/8/2017,7:00,7:59,0.53,kWh,$0.09 
4/8/2017,8:00,8:59,0.07,kWh,$0.01 
4/8/2017,9:00,9:59,0.06,kWh,$0.01 
4/8/2017,10:00,10:59,0.06,kWh,$0.01 
4/8/2017,11:00,11:59,2.29,kWh,$0.40 
4/8/2017,12:00,12:59,4.85,kWh,$0.84 
4/8/2017,13:00,13:59,1.05,kWh,$0.18 
4/8/2017,14:00,14:59,1.35,kWh,$0.23 
4/8/2017,15:00,15:59,1.78,kWh,$0.31 
4/8/2017,16:00,16:59,1.65,kWh,$0.29 
4/8/2017,17:00,17:59,0.75,kWh,$0.13 
4/8/2017,18:00,18:59,0.17,kWh,$0.03 
4/8/2017,19:00,19:59,0.24,kWh,$0.04 
4/8/2017,20:00,20:59,1.57,kWh,$0.27 
4/8/2017,21:00,21:59,2.44,kWh,$0.42 
4/8/2017,22:00,22:59,5.36,kWh,$0.93 
4/8/2017,23:00,23:59,0.6,kWh,$0.10 
4/9/2017,0:00,0:59,1.33,kWh,$0.23 
4/9/2017,1:00,1:59,2.7,kWh,$0.47 
4/9/2017,2:00,2:59,1.3,kWh,$0.22 
4/9/2017,3:00,3:59,0.13,kWh,$0.02 
4/9/2017,4:00,4:59,0.07,kWh,$0.01 
4/9/2017,5:00,5:59,0.07,kWh,$0.01 
4/9/2017,6:00,6:59,1.71,kWh,$0.30 
4/9/2017,7:00,7:59,0.05,kWh,$0.01 
4/9/2017,8:00,8:59,0.06,kWh,$0.01 
4/9/2017,9:00,9:59,0.06,kWh,$0.01 
4/9/2017,10:00,10:59,0.06,kWh,$0.01 
4/9/2017,11:00,11:59,3,kWh,$0.52 
4/9/2017,12:00,12:59,2.39,kWh,$0.41 
4/9/2017,13:00,13:59,0.33,kWh,$0.06 
4/9/2017,14:00,14:59,3,kWh,$0.52 
4/9/2017,15:00,15:59,1.81,kWh,$0.31 
4/9/2017,16:00,16:59,2.6,kWh,$0.45 
4/9/2017,17:00,17:59,0.16,kWh,$0.03 
4/9/2017,18:00,18:59,0.07,kWh,$0.01 
4/9/2017,19:00,19:59,0.11,kWh,$0.02 
4/9/2017,20:00,20:59,0.23,kWh,$0.04 
4/9/2017,21:00,21:59,1.3,kWh,$0.22 
4/9/2017,22:00,22:59,0.45,kWh,$0.08 
4/9/2017,23:00,23:59,0.23,kWh,$0.04 
4/10/2017,0:00,0:59,1.71,kWh,$0.30 
4/10/2017,1:00,1:59,1.49,kWh,$0.26 
4/10/2017,2:00,2:59,0.35,kWh,$0.06 
4/10/2017,3:00,3:59,0.13,kWh,$0.02 
4/10/2017,4:00,4:59,0.07,kWh,$0.01 
4/10/2017,5:00,5:59,0.06,kWh,$0.01 
4/10/2017,6:00,6:59,0.06,kWh,$0.01 
4/10/2017,7:00,7:59,0.05,kWh,$0.01 
4/10/2017,8:00,8:59,0.5,kWh,$0.09 
4/10/2017,9:00,9:59,1.88,kWh,$0.32 
4/10/2017,10:00,10:59,0.27,kWh,$0.05 
4/10/2017,11:00,11:59,0.06,kWh,$0.01 
4/10/2017,12:00,12:59,0.06,kWh,$0.01 
4/10/2017,13:00,13:59,0.06,kWh,$0.01 
4/10/2017,14:00,14:59,0.06,kWh,$0.01 
4/10/2017,15:00,15:59,0.58,kWh,$0.11 
4/10/2017,16:00,16:59,0.06,kWh,$0.01 
4/10/2017,17:00,17:59,0.06,kWh,$0.01 
4/10/2017,18:00,18:59,0.06,kWh,$0.01 
4/10/2017,19:00,19:59,0.06,kWh,$0.01 
4/10/2017,20:00,20:59,0.13,kWh,$0.02 
4/10/2017,21:00,21:59,0.98,kWh,$0.17 
4/10/2017,22:00,22:59,2.41,kWh,$0.42 
4/10/2017,23:00,23:59,0.66,kWh,$0.11 
4/11/2017,0:00,0:59,0.3,kWh,$0.05 
4/11/2017,1:00,1:59,0.89,kWh,$0.15 
4/11/2017,2:00,2:59,0.1,kWh,$0.02 
4/11/2017,3:00,3:59,0.07,kWh,$0.01 
4/11/2017,4:00,4:59,0.06,kWh,$0.01 
4/11/2017,5:00,5:59,0.06,kWh,$0.01 
4/11/2017,6:00,6:59,0.04,kWh,$0.01 
4/11/2017,7:00,7:59,0.06,kWh,$0.01 
4/11/2017,8:00,8:59,0.18,kWh,$0.03 
4/11/2017,9:00,9:59,2.37,kWh,$0.41 
4/11/2017,10:00,10:59,0.07,kWh,$0.01 
4/11/2017,11:00,11:59,0.06,kWh,$0.01 
4/11/2017,12:00,12:59,0.06,kWh,$0.01 
4/11/2017,13:00,13:59,0.55,kWh,$0.09 
4/11/2017,14:00,14:59,0.06,kWh,$0.01 
4/11/2017,15:00,15:59,0.06,kWh,$0.01 
4/11/2017,16:00,16:59,0.06,kWh,$0.01 
4/11/2017,17:00,17:59,0.12,kWh,$0.02 
4/11/2017,18:00,18:59,0.07,kWh,$0.01 
4/11/2017,19:00,19:59,2.33,kWh,$0.44 
4/11/2017,20:00,20:59,0.29,kWh,$0.05 
4/11/2017,21:00,21:59,0.27,kWh,$0.05 
4/11/2017,22:00,22:59,0.69,kWh,$0.12 
4/11/2017,23:00,23:59,0.38,kWh,$0.07 
4/12/2017,0:00,0:59,1.16,kWh,$0.20 
4/12/2017,1:00,1:59,2.44,kWh,$0.42 
4/12/2017,2:00,2:59,1.51,kWh,$0.26 
4/12/2017,3:00,3:59,0.07,kWh,$0.01 
4/12/2017,4:00,4:59,0.07,kWh,$0.01 
4/12/2017,5:00,5:59,0.06,kWh,$0.01 
4/12/2017,6:00,6:59,0.06,kWh,$0.01 
4/12/2017,7:00,7:59,1.67,kWh,$0.29 
4/12/2017,8:00,8:59,0.09,kWh,$0.02 
4/12/2017,9:00,9:59,2.12,kWh,$0.37 
4/12/2017,10:00,10:59,0.06,kWh,$0.01 
4/12/2017,11:00,11:59,0.06,kWh,$0.01 
4/12/2017,12:00,12:59,0.06,kWh,$0.01 
4/12/2017,13:00,13:59,0.06,kWh,$0.01 
4/12/2017,14:00,14:59,0.06,kWh,$0.01 
4/12/2017,15:00,15:59,0.55,kWh,$0.10 
4/12/2017,16:00,16:59,0.06,kWh,$0.01 
4/12/2017,17:00,17:59,0.06,kWh,$0.01 
4/12/2017,18:00,18:59,0.61,kWh,$0.11 
4/12/2017,19:00,19:59,2.06,kWh,$0.39 
4/12/2017,20:00,20:59,0.56,kWh,$0.10 
4/12/2017,21:00,21:59,0.31,kWh,$0.05 
4/12/2017,22:00,22:59,1.45,kWh,$0.25 
4/12/2017,23:00,23:59,0.79,kWh,$0.14 
4/13/2017,0:00,0:59,3.4,kWh,$0.59 
4/13/2017,1:00,1:59,1.52,kWh,$0.26 
4/13/2017,2:00,2:59,0.14,kWh,$0.02 
4/13/2017,3:00,3:59,0.09,kWh,$0.02 
4/13/2017,4:00,4:59,0.06,kWh,$0.01 
4/13/2017,5:00,5:59,0.07,kWh,$0.01 
4/13/2017,6:00,6:59,0.07,kWh,$0.01 
4/13/2017,7:00,7:59,0.06,kWh,$0.01 
4/13/2017,8:00,8:59,1.85,kWh,$0.32 
4/13/2017,9:00,9:59,1.38,kWh,$0.24 
4/13/2017,10:00,10:59,0.06,kWh,$0.01 
4/13/2017,11:00,11:59,0.29,kWh,$0.05 
4/13/2017,12:00,12:59,0.31,kWh,$0.05 
4/13/2017,13:00,13:59,0.07,kWh,$0.01 
4/13/2017,14:00,14:59,0.06,kWh,$0.01 
4/13/2017,15:00,15:59,0.04,kWh,$0.01 
4/13/2017,16:00,16:59,0.07,kWh,$0.01 
4/13/2017,17:00,17:59,0.07,kWh,$0.01 
4/13/2017,18:00,18:59,0.08,kWh,$0.01 
4/13/2017,19:00,19:59,0.78,kWh,$0.15 
4/13/2017,20:00,20:59,1.66,kWh,$0.29 
4/13/2017,21:00,21:59,0.32,kWh,$0.06 
4/13/2017,22:00,22:59,0.48,kWh,$0.08 
4/13/2017,23:00,23:59,2.1,kWh,$0.36 
4/14/2017,0:00,0:59,1.45,kWh,$0.25 
4/14/2017,1:00,1:59,0.25,kWh,$0.04 
4/14/2017,2:00,2:59,0.08,kWh,$0.01 
4/14/2017,3:00,3:59,0.04,kWh,$0.01 
4/14/2017,4:00,4:59,0.09,kWh,$0.02 
4/14/2017,5:00,5:59,0.46,kWh,$0.08 
4/14/2017,6:00,6:59,0.19,kWh,$0.03 
4/14/2017,7:00,7:59,0.04,kWh,$0.01 
4/14/2017,8:00,8:59,0.06,kWh,$0.01 
4/14/2017,9:00,9:59,4.17,kWh,$0.72 
4/14/2017,10:00,10:59,0.05,kWh,$0.01 
4/14/2017,11:00,11:59,0.05,kWh,$0.01 
4/14/2017,12:00,12:59,0.06,kWh,$0.01 
4/14/2017,13:00,13:59,0.06,kWh,$0.01 
4/14/2017,14:00,14:59,0.24,kWh,$0.04 
4/14/2017,15:00,15:59,0.4,kWh,$0.07 
4/14/2017,16:00,16:59,0.05,kWh,$0.01 
4/14/2017,17:00,17:59,0.17,kWh,$0.03 
4/14/2017,18:00,18:59,1.15,kWh,$0.22 
4/14/2017,19:00,19:59,1.33,kWh,$0.25 
4/14/2017,20:00,20:59,0.88,kWh,$0.15 
4/14/2017,21:00,21:59,0.85,kWh,$0.15 
4/14/2017,22:00,22:59,1.36,kWh,$0.23 
4/14/2017,23:00,23:59,3.26,kWh,$0.56 
4/15/2017,0:00,0:59,1.86,kWh,$0.32 
4/15/2017,1:00,1:59,0.1,kWh,$0.02 
4/15/2017,2:00,2:59,0.06,kWh,$0.01 
4/15/2017,3:00,3:59,0.07,kWh,$0.01 
4/15/2017,4:00,4:59,0.07,kWh,$0.01 
4/15/2017,5:00,5:59,0.04,kWh,$0.01 
4/15/2017,6:00,6:59,0.51,kWh,$0.09 
4/15/2017,7:00,7:59,3.89,kWh,$0.67 
4/15/2017,8:00,8:59,5.63,kWh,$0.97 
4/15/2017,9:00,9:59,0.05,kWh,$0.01 
4/15/2017,10:00,10:59,0.08,kWh,$0.01 
4/15/2017,11:00,11:59,0.03,kWh,$0.01 
4/15/2017,12:00,12:59,0.08,kWh,$0.01 
4/15/2017,13:00,13:59,0.57,kWh,$0.10 
4/15/2017,14:00,14:59,0.04,kWh,$0.01 
4/15/2017,15:00,15:59,0.15,kWh,$0.03 
4/15/2017,16:00,16:59,0.08,kWh,$0.01 
4/15/2017,17:00,17:59,0.06,kWh,$0.01 
4/15/2017,18:00,18:59,0.06,kWh,$0.01 
4/15/2017,19:00,19:59,0.06,kWh,$0.01 
4/15/2017,20:00,20:59,0.06,kWh,$0.01 
4/15/2017,21:00,21:59,0.06,kWh,$0.01 
4/15/2017,22:00,22:59,0.06,kWh,$0.01 
4/15/2017,23:00,23:59,0.54,kWh,$0.09 
4/16/2017,0:00,0:59,0.06,kWh,$0.01 
4/16/2017,1:00,1:59,0.06,kWh,$0.01 
4/16/2017,2:00,2:59,0.06,kWh,$0.01 
4/16/2017,3:00,3:59,0.05,kWh,$0.01 
4/16/2017,4:00,4:59,0.05,kWh,$0.01 
4/16/2017,5:00,5:59,0.06,kWh,$0.01 
4/16/2017,6:00,6:59,0.06,kWh,$0.01 
4/16/2017,7:00,7:59,0.06,kWh,$0.01 
4/16/2017,8:00,8:59,0.06,kWh,$0.01 
4/16/2017,9:00,9:59,0.06,kWh,$0.01 
4/16/2017,10:00,10:59,0.04,kWh,$0.01 
4/16/2017,11:00,11:59,0.06,kWh,$0.01 
4/16/2017,12:00,12:59,0.07,kWh,$0.01 
4/16/2017,13:00,13:59,0.68,kWh,$0.12 
4/16/2017,14:00,14:59,0.04,kWh,$0.01 
4/16/2017,15:00,15:59,0.07,kWh,$0.01 
4/16/2017,16:00,16:59,0.07,kWh,$0.01 
4/16/2017,17:00,17:59,2.67,kWh,$0.46 
4/16/2017,18:00,18:59,5.18,kWh,$0.90 
4/16/2017,19:00,19:59,3.2,kWh,$0.55 
4/16/2017,20:00,20:59,0.51,kWh,$0.09 
4/16/2017,21:00,21:59,2.06,kWh,$0.36 
4/16/2017,22:00,22:59,2.01,kWh,$0.35 
4/16/2017,23:00,23:59,2.07,kWh,$0.36 
4/17/2017,0:00,0:59,2.6,kWh,$0.45 
4/17/2017,1:00,1:59,0.44,kWh,$0.08 
4/17/2017,2:00,2:59,0.07,kWh,$0.01 
4/17/2017,3:00,3:59,0.08,kWh,$0.01 
4/17/2017,4:00,4:59,0.06,kWh,$0.01 
4/17/2017,5:00,5:59,0.06,kWh,$0.01 
4/17/2017,6:00,6:59,0.48,kWh,$0.08 
4/17/2017,7:00,7:59,0.07,kWh,$0.01 
4/17/2017,8:00,8:59,1.89,kWh,$0.33 
4/17/2017,9:00,9:59,1.84,kWh,$0.32 
4/17/2017,10:00,10:59,0.06,kWh,$0.01 
4/17/2017,11:00,11:59,0.51,kWh,$0.09 
4/17/2017,12:00,12:59,0.06,kWh,$0.01 
4/17/2017,13:00,13:59,0.06,kWh,$0.01 
4/17/2017,14:00,14:59,0.06,kWh,$0.01 
4/17/2017,15:00,15:59,0.07,kWh,$0.01 
4/17/2017,16:00,16:59,0.07,kWh,$0.01 
4/17/2017,17:00,17:59,0.06,kWh,$0.01 
4/17/2017,18:00,18:59,0.5,kWh,$0.09 
4/17/2017,19:00,19:59,0.13,kWh,$0.02 
4/17/2017,20:00,20:59,0.79,kWh,$0.14 
4/17/2017,21:00,21:59,2.6,kWh,$0.45 
4/17/2017,22:00,22:59,1.14,kWh,$0.20 
4/17/2017,23:00,23:59,2.21,kWh,$0.38 
4/18/2017,0:00,0:59,2.93,kWh,$0.51 
4/18/2017,1:00,1:59,1.61,kWh,$0.28 
4/18/2017,2:00,2:59,0.57,kWh,$0.10 
4/18/2017,3:00,3:59,0.48,kWh,$0.08 
4/18/2017,4:00,4:59,0.47,kWh,$0.08 
4/18/2017,5:00,5:59,0.46,kWh,$0.08 
4/18/2017,6:00,6:59,0.46,kWh,$0.08 
4/18/2017,7:00,7:59,0.45,kWh,$0.08 
4/18/2017,8:00,8:59,1,kWh,$0.17 
4/18/2017,9:00,9:59,6,kWh,$1.04 
4/18/2017,10:00,10:59,0.57,kWh,$0.10 
4/18/2017,11:00,11:59,0.07,kWh,$0.01 
4/18/2017,12:00,12:59,0.06,kWh,$0.01 
4/18/2017,13:00,13:59,0.07,kWh,$0.01 
4/18/2017,14:00,14:59,0.05,kWh,$0.01 
4/18/2017,15:00,15:59,0.07,kWh,$0.01 
4/18/2017,16:00,16:59,0.05,kWh,$0.01 
4/18/2017,17:00,17:59,0.52,kWh,$0.10 
4/18/2017,18:00,18:59,0.05,kWh,$0.01 
4/18/2017,19:00,19:59,1.13,kWh,$0.21 
4/18/2017,20:00,20:59,1.2,kWh,$0.21 
4/18/2017,21:00,21:59,0.3,kWh,$0.05 
4/18/2017,22:00,22:59,0.32,kWh,$0.06 
4/18/2017,23:00,23:59,0.4,kWh,$0.07 
4/19/2017,0:00,0:59,2.09,kWh,$0.36 
4/19/2017,1:00,1:59,1.83,kWh,$0.32 
4/19/2017,2:00,2:59,0.1,kWh,$0.02 
4/19/2017,3:00,3:59,0.08,kWh,$0.01 
4/19/2017,4:00,4:59,0.07,kWh,$0.01 
4/19/2017,5:00,5:59,0.07,kWh,$0.01 
4/19/2017,6:00,6:59,0.07,kWh,$0.01 
4/19/2017,7:00,7:59,0.47,kWh,$0.08 
4/19/2017,8:00,8:59,0.48,kWh,$0.08 
4/19/2017,9:00,9:59,1.39,kWh,$0.24 
4/19/2017,10:00,10:59,1.69,kWh,$0.29 
4/19/2017,11:00,11:59,0.07,kWh,$0.01 
4/19/2017,12:00,12:59,0.05,kWh,$0.01 
4/19/2017,13:00,13:59,0.07,kWh,$0.01 
4/19/2017,14:00,14:59,0.05,kWh,$0.01 
4/19/2017,15:00,15:59,0.07,kWh,$0.01 
4/19/2017,16:00,16:59,0.55,kWh,$0.10 
4/19/2017,17:00,17:59,0.07,kWh,$0.01 
4/19/2017,18:00,18:59,0.06,kWh,$0.01 
4/19/2017,19:00,19:59,0.8,kWh,$0.15 
4/19/2017,20:00,20:59,1.97,kWh,$0.34 
4/19/2017,21:00,21:59,1.1,kWh,$0.19 
4/19/2017,22:00,22:59,0.36,kWh,$0.06 
4/19/2017,23:00,23:59,0.85,kWh,$0.15 
4/20/2017,0:00,0:59,0.34,kWh,$0.06 
4/20/2017,1:00,1:59,0.12,kWh,$0.02 
4/20/2017,2:00,2:59,0.08,kWh,$0.01 
4/20/2017,3:00,3:59,0.07,kWh,$0.01 
4/20/2017,4:00,4:59,0.06,kWh,$0.01 
4/20/2017,5:00,5:59,0.08,kWh,$0.01 
4/20/2017,6:00,6:59,0.06,kWh,$0.01 
4/20/2017,7:00,7:59,0.06,kWh,$0.01 
4/20/2017,8:00,8:59,0.55,kWh,$0.10 
4/20/2017,9:00,9:59,2.13,kWh,$0.37 
4/20/2017,10:00,10:59,0.21,kWh,$0.04 
4/20/2017,11:00,11:59,0.44,kWh,$0.08 
4/20/2017,12:00,12:59,0.08,kWh,$0.01 
4/20/2017,13:00,13:59,0.06,kWh,$0.01 
4/20/2017,14:00,14:59,0.06,kWh,$0.01 
4/20/2017,15:00,15:59,0.07,kWh,$0.01 
4/20/2017,16:00,16:59,0.08,kWh,$0.01 
4/20/2017,17:00,17:59,0.06,kWh,$0.01 
4/20/2017,18:00,18:59,1.81,kWh,$0.34 
4/20/2017,19:00,19:59,0.97,kWh,$0.18 
4/20/2017,20:00,20:59,1,kWh,$0.17 
4/20/2017,21:00,21:59,0.33,kWh,$0.06 
4/20/2017,22:00,22:59,0.71,kWh,$0.12 
4/20/2017,23:00,23:59,2.39,kWh,$0.41 
4/21/2017,0:00,0:59,3.09,kWh,$0.53 
4/21/2017,1:00,1:59,0.71,kWh,$0.12 
4/21/2017,2:00,2:59,0.11,kWh,$0.02 
4/21/2017,3:00,3:59,0.08,kWh,$0.01 
4/21/2017,4:00,4:59,0.06,kWh,$0.01 
4/21/2017,5:00,5:59,0.06,kWh,$0.01 
4/21/2017,6:00,6:59,0.08,kWh,$0.01 
4/21/2017,7:00,7:59,0.45,kWh,$0.08 
4/21/2017,8:00,8:59,0.84,kWh,$0.14 
4/21/2017,9:00,9:59,1.49,kWh,$0.26 
4/21/2017,10:00,10:59,0.07,kWh,$0.01 
4/21/2017,11:00,11:59,0.06,kWh,$0.01 
4/21/2017,12:00,12:59,0.05,kWh,$0.01 
4/21/2017,13:00,13:59,0.43,kWh,$0.07 
4/21/2017,14:00,14:59,0.17,kWh,$0.03 
4/21/2017,15:00,15:59,0.07,kWh,$0.01 
4/21/2017,16:00,16:59,0.07,kWh,$0.01 
4/21/2017,17:00,17:59,0.07,kWh,$0.01 
4/21/2017,18:00,18:59,0.1,kWh,$0.02 
4/21/2017,19:00,19:59,1.9,kWh,$0.36 
4/21/2017,20:00,20:59,0.09,kWh,$0.01 
4/21/2017,21:00,21:59,0.17,kWh,$0.03 
4/21/2017,22:00,22:59,0.29,kWh,$0.05 
4/21/2017,23:00,23:59,0.94,kWh,$0.16 
4/22/2017,0:00,0:59,0.26,kWh,$0.04 
4/22/2017,1:00,1:59,0.24,kWh,$0.04 
4/22/2017,2:00,2:59,0.22,kWh,$0.04 
4/22/2017,3:00,3:59,0.06,kWh,$0.01 
4/22/2017,4:00,4:59,0.13,kWh,$0.02 
4/22/2017,5:00,5:59,0.05,kWh,$0.01 
4/22/2017,6:00,6:59,1.36,kWh,$0.23 
4/22/2017,7:00,7:59,0.05,kWh,$0.01 
4/22/2017,8:00,8:59,0.12,kWh,$0.02 
4/22/2017,9:00,9:59,0.06,kWh,$0.01 
4/22/2017,10:00,10:59,1.86,kWh,$0.32 
4/22/2017,11:00,11:59,1.41,kWh,$0.24 
4/22/2017,12:00,12:59,0.46,kWh,$0.08 
4/22/2017,13:00,13:59,0.59,kWh,$0.10 
4/22/2017,14:00,14:59,3.61,kWh,$0.62 
4/22/2017,15:00,15:59,3.39,kWh,$0.59 
4/22/2017,16:00,16:59,0.32,kWh,$0.06 
4/22/2017,17:00,17:59,0.08,kWh,$0.01 
4/22/2017,18:00,18:59,0.59,kWh,$0.10 
4/22/2017,19:00,19:59,1.07,kWh,$0.19 
4/22/2017,20:00,20:59,2.78,kWh,$0.48 
4/22/2017,21:00,21:59,0.53,kWh,$0.09 
4/22/2017,22:00,22:59,1.31,kWh,$0.23 
4/22/2017,23:00,23:59,1.69,kWh,$0.29 
